/*
SQLyog Community v13.1.6 (64 bit)
MySQL - 8.0.30 : Database - jingfang
*********************************************************************
*/

/*!40101 SET NAMES utf8 */;

/*!40101 SET SQL_MODE=''*/;

/*!40014 SET @OLD_UNIQUE_CHECKS=@@UNIQUE_CHECKS, UNIQUE_CHECKS=0 */;
/*!40014 SET @OLD_FOREIGN_KEY_CHECKS=@@FOREIGN_KEY_CHECKS, FOREIGN_KEY_CHECKS=0 */;
/*!40101 SET @OLD_SQL_MODE=@@SQL_MODE, SQL_MODE='NO_AUTO_VALUE_ON_ZERO' */;
/*!40111 SET @OLD_SQL_NOTES=@@SQL_NOTES, SQL_NOTES=0 */;
CREATE DATABASE /*!32312 IF NOT EXISTS*/`jingfang` /*!40100 DEFAULT CHARACTER SET utf8mb4 COLLATE utf8mb4_0900_ai_ci */ /*!80016 DEFAULT ENCRYPTION='N' */;

USE `jingfang`;

/*Table structure for table `categories` */

DROP TABLE IF EXISTS `categories`;

CREATE TABLE `categories` (
  `id` bigint unsigned NOT NULL AUTO_INCREMENT,
  `module` varchar(255) COLLATE utf8mb4_unicode_ci DEFAULT NULL,
  `name` varchar(255) COLLATE utf8mb4_unicode_ci DEFAULT NULL,
  `parent_id` int NOT NULL DEFAULT '0',
  `status` tinyint(1) NOT NULL DEFAULT '1',
  `created_at` timestamp NULL DEFAULT NULL,
  `updated_at` timestamp NULL DEFAULT NULL,
  PRIMARY KEY (`id`)
) ENGINE=InnoDB AUTO_INCREMENT=37 DEFAULT CHARSET=utf8mb4 COLLATE=utf8mb4_unicode_ci;

/*Data for the table `categories` */

insert  into `categories`(`id`,`module`,`name`,`parent_id`,`status`,`created_at`,`updated_at`) values 
(1,'General_Old','General',0,1,'2023-08-30 05:55:01',NULL),
(2,'CCMQ','Balanced',0,1,'2023-08-30 05:55:01',NULL),
(3,'CCMQ','Sensitive',0,1,'2023-08-30 05:55:01',NULL),
(4,'CCMQ','Qi Deficient',0,1,'2023-08-30 05:55:01',NULL),
(5,'CCMQ','Yang Deficient',0,1,'2023-08-30 05:55:01',NULL),
(6,'CCMQ','Yin Deficient',0,1,'2023-08-30 05:55:01',NULL),
(7,'CCMQ','Phlegm Damp',0,1,'2023-08-30 05:55:01',NULL),
(8,'CCMQ','Damp-Heat',0,1,'2023-08-30 05:55:01',NULL),
(9,'CCMQ','Blood Stagnant',0,1,'2023-08-30 05:55:01',NULL),
(10,'CCMQ','Qi Stagnant',0,1,'2023-08-30 05:55:01',NULL),
(11,'CCMQ-SF','Normal',0,1,'2023-08-30 05:55:01',NULL),
(12,'CCMQ-SF','Qi deficiency',0,1,'2023-08-30 05:55:01',NULL),
(13,'CCMQ-SF','Yang deficiency',0,1,'2023-08-30 05:55:01',NULL),
(14,'CCMQ-SF','Yin deficiency',0,1,'2023-08-30 05:55:01',NULL),
(15,'CCMQ-SF','Phlegm damp',0,1,'2023-08-30 05:55:01',NULL),
(16,'CCMQ-SF','Damp heat',0,1,'2023-08-30 05:55:01',NULL),
(17,'CCMQ-SF','Blood stasis',0,1,'2023-08-30 05:55:01',NULL),
(18,'CCMQ-SF','Qi stagnation',0,1,'2023-08-30 05:55:01',NULL),
(19,'CCMQ-SF','Sensitive',0,1,'2023-08-30 05:55:01',NULL),
(20,'BCQ_Negative','Yin-Xu',0,1,'2023-08-30 05:55:01',NULL),
(21,'BCQ_Negative','Head',20,1,'2023-08-30 05:55:01',NULL),
(22,'BCQ_Negative','Limbs',20,1,'2023-08-30 05:55:01',NULL),
(23,'BCQ_Negative','Gastrointestinal Tract',20,1,'2023-08-30 05:55:01',NULL),
(24,'BCQ_Negative','Body Surface',20,1,'2023-08-30 05:55:01',NULL),
(25,'BCQ_Negative','Abdominal Cavity',20,1,'2023-08-30 05:55:01',NULL),
(26,'BCQ_Positive','Yang-Xu',0,1,'2023-08-30 05:55:01',NULL),
(27,'BCQ_Positive','Head',26,1,'2023-08-30 05:55:01',NULL),
(28,'BCQ_Positive','Chest',26,1,'2023-08-30 05:55:01',NULL),
(29,'BCQ_Positive','Four Limbs',26,1,'2023-08-30 05:55:01',NULL),
(30,'BCQ_Positive','Body Surface',26,1,'2023-08-30 05:55:01',NULL),
(31,'BCQ_Positive','Abdominal Cavity',26,1,'2023-08-30 05:55:01',NULL),
(32,'BCQs','Stasis',0,1,'2023-08-30 05:55:01',NULL),
(33,'BCQs','Trunk',32,1,'2023-08-30 05:55:01',NULL),
(34,'BCQs','Body',32,1,'2023-08-30 05:55:01',NULL),
(35,'BCQs','Head',32,1,'2023-08-30 05:55:01',NULL),
(36,'BCQs','Gastrointestinal',32,1,'2023-08-30 05:55:01',NULL);

/*Table structure for table `clients` */

DROP TABLE IF EXISTS `clients`;

CREATE TABLE `clients` (
  `id` int NOT NULL AUTO_INCREMENT,
  `firstname` varchar(50) DEFAULT NULL,
  `lastname` varchar(50) DEFAULT NULL,
  `email` varchar(50) DEFAULT NULL,
  PRIMARY KEY (`id`)
) ENGINE=InnoDB AUTO_INCREMENT=30 DEFAULT CHARSET=utf8mb4 COLLATE=utf8mb4_0900_ai_ci;

/*Data for the table `clients` */

insert  into `clients`(`id`,`firstname`,`lastname`,`email`) values 
(2,'Qaisar','Khan','qaisar.qk17@gmail.com'),
(16,'Jessica','Jackel','jessicaajackel@gmail.com'),
(17,'Ava','Goperlud','avagoplerud@gmail.com'),
(18,'Jen','Emswiler','emswiler.jen@gmail.com'),
(19,'Jess','Jackel','jess.jackel@icloud.com'),
(20,'Test','Test','qualtyacu@gmail.com'),
(21,'Testing','Test','jbarber@thrivemedicalclinics.com'),
(22,'Test 2','Test 2','barberacu@gmail.com'),
(23,'Qaisar','Khan','qaisar.qk17@gmail.com'),
(24,'Andrew','Berry','andrewberryny@gmail.com'),
(25,'Qaisar','Khan','qaisar.qk17@gmail.com'),
(26,'Jess','Brosnan','jess_44@icloud.com'),
(27,'Britta','McCrae','britta.ashley@gmail.com'),
(28,'Jessica','Crenek','jessicaroseatx@gmail.com'),
(29,'Qaisar','Khan','qaisar.qk17@gmail.com');

/*Table structure for table `clinicans` */

DROP TABLE IF EXISTS `clinicans`;

CREATE TABLE `clinicans` (
  `id` int NOT NULL AUTO_INCREMENT,
  `firstname` varchar(50) DEFAULT NULL,
  `lastname` varchar(50) DEFAULT NULL,
  `email` varchar(50) DEFAULT NULL,
  `password` varchar(50) DEFAULT NULL,
  `status` char(1) DEFAULT NULL,
  PRIMARY KEY (`id`)
) ENGINE=InnoDB AUTO_INCREMENT=6 DEFAULT CHARSET=utf8mb4 COLLATE=utf8mb4_0900_ai_ci;

/*Data for the table `clinicans` */

insert  into `clinicans`(`id`,`firstname`,`lastname`,`email`,`password`,`status`) values 
(1,'Qaisar','Khan','qaisar.qk17@gmail.com','Qaisar1234*','e'),
(2,'Jordan','Barber','punx47@yahoo.com','XTtloSUNYx','e'),
(5,'Jessica','Jackel','jess.jackel@icloud.com','H6WhDw6bKs','e');

/*Table structure for table `credentials` */

DROP TABLE IF EXISTS `credentials`;

CREATE TABLE `credentials` (
  `username` varchar(100) NOT NULL,
  `password` text NOT NULL,
  `accounttype` varchar(100) NOT NULL
) ENGINE=InnoDB DEFAULT CHARSET=utf8mb4 COLLATE=utf8mb4_0900_ai_ci;

/*Data for the table `credentials` */

insert  into `credentials`(`username`,`password`,`accounttype`) values 
('admin','admin','admin');

/*Table structure for table `failed_jobs` */

DROP TABLE IF EXISTS `failed_jobs`;

CREATE TABLE `failed_jobs` (
  `id` bigint unsigned NOT NULL AUTO_INCREMENT,
  `uuid` varchar(255) COLLATE utf8mb4_unicode_ci NOT NULL,
  `connection` text COLLATE utf8mb4_unicode_ci NOT NULL,
  `queue` text COLLATE utf8mb4_unicode_ci NOT NULL,
  `payload` longtext COLLATE utf8mb4_unicode_ci NOT NULL,
  `exception` longtext COLLATE utf8mb4_unicode_ci NOT NULL,
  `failed_at` timestamp NOT NULL DEFAULT CURRENT_TIMESTAMP,
  PRIMARY KEY (`id`),
  UNIQUE KEY `failed_jobs_uuid_unique` (`uuid`)
) ENGINE=InnoDB DEFAULT CHARSET=utf8mb4 COLLATE=utf8mb4_unicode_ci;

/*Data for the table `failed_jobs` */

/*Table structure for table `invitations` */

DROP TABLE IF EXISTS `invitations`;

CREATE TABLE `invitations` (
  `id` bigint NOT NULL AUTO_INCREMENT,
  `clientid` int NOT NULL,
  `invitationcode` int DEFAULT NULL,
  `attempt` char(1) DEFAULT NULL,
  `stage` varchar(20) DEFAULT NULL,
  `attemptdate` date DEFAULT NULL,
  `inviteby` int DEFAULT NULL,
  `invitedate` date DEFAULT NULL,
  `testing` int DEFAULT NULL,
  `firstfamily` int DEFAULT NULL,
  `secondfamily` int DEFAULT NULL,
  `thirdfamily` int DEFAULT NULL,
  `finalresult` int DEFAULT NULL,
  PRIMARY KEY (`id`)
) ENGINE=InnoDB AUTO_INCREMENT=69 DEFAULT CHARSET=utf8mb4 COLLATE=utf8mb4_0900_ai_ci;

/*Data for the table `invitations` */

insert  into `invitations`(`id`,`clientid`,`invitationcode`,`attempt`,`stage`,`attemptdate`,`inviteby`,`invitedate`,`testing`,`firstfamily`,`secondfamily`,`thirdfamily`,`finalresult`) values 
(4,0,67698412,'y','Closed','2023-01-08',NULL,NULL,1,NULL,NULL,NULL,NULL),
(9,0,9842570,'y','Closed','2023-06-07',7,NULL,1,NULL,NULL,NULL,NULL),
(15,8,36250556,'y','Closed','2023-06-10',1,'2023-06-10',1,NULL,NULL,NULL,NULL),
(16,8,76226432,'y','Closed','2023-06-10',1,'2023-06-10',1,1,3,2,1),
(17,8,46801953,'y','Closed','2023-06-10',1,'2023-06-10',1,1,1,1,1),
(19,8,18392102,'y','Closed','2023-06-12',1,'2023-06-12',1,5,5,5,5),
(20,8,56872682,'y','Closed','2023-06-13',1,'2023-06-13',1,3,3,3,3),
(21,8,70139782,'y','Closed','2023-06-13',1,'2023-06-13',1,2,2,2,2),
(22,8,80504269,'y','Closed','2023-06-15',1,'2023-06-15',1,NULL,NULL,NULL,NULL),
(23,11,35556622,'y','Closed','2023-06-18',2,'2023-06-18',1,1,1,1,1),
(24,12,88004060,'y','Closed','2023-06-18',2,'2023-06-18',1,NULL,NULL,NULL,NULL),
(32,15,77127424,'n','Not attempted',NULL,4,'2023-07-01',0,NULL,NULL,NULL,NULL),
(33,15,6148780,'n','Not attempted',NULL,4,'2023-07-01',0,NULL,NULL,NULL,NULL),
(34,16,73409266,'y','Closed','2023-07-07',5,'2023-07-02',1,NULL,NULL,NULL,NULL),
(35,17,90990366,'y','Closed','2023-08-14',5,'2023-07-07',0,NULL,NULL,NULL,NULL),
(36,18,69041509,'n','Not attempted',NULL,5,'2023-07-07',0,NULL,NULL,NULL,NULL),
(37,19,8586756,'y','Closed','2023-07-20',5,'2023-07-07',0,NULL,NULL,NULL,NULL),
(38,19,25370925,'y','Closed','2023-08-08',5,'2023-07-20',0,NULL,NULL,NULL,NULL),
(39,18,89225815,'n','Not attempted',NULL,5,'2023-07-21',0,NULL,NULL,NULL,NULL),
(40,20,90902118,'n','Not attempted',NULL,2,'2023-08-02',0,NULL,NULL,NULL,NULL),
(41,20,99748339,'n','Not attempted',NULL,2,'2023-08-02',0,NULL,NULL,NULL,NULL),
(42,21,53011775,'y','Closed','2023-08-02',2,'2023-08-02',0,NULL,NULL,NULL,NULL),
(43,16,37563222,'n','Not attempted',NULL,5,'2023-08-07',1,NULL,NULL,NULL,NULL),
(44,20,97093026,'n','Not attempted',NULL,2,'2023-08-08',0,NULL,NULL,NULL,NULL),
(45,22,72497980,'y','Closed','2023-08-08',2,'2023-08-08',1,NULL,NULL,NULL,NULL),
(46,22,63531715,'y','Closed','2023-08-08',2,'2023-08-08',1,NULL,NULL,NULL,NULL),
(47,22,5831210,'y','Closed','2023-08-08',2,'2023-08-08',1,NULL,NULL,NULL,NULL),
(48,23,56352193,'y','Closed','2023-08-08',2,'2023-08-08',1,NULL,NULL,NULL,NULL),
(49,23,38558673,'n','Not attempted',NULL,2,'2023-08-08',1,NULL,NULL,NULL,NULL),
(50,22,96210600,'y','Closed','2023-08-08',2,'2023-08-08',1,NULL,NULL,NULL,NULL),
(51,23,91276141,'y','Closed','2023-08-08',2,'2023-08-08',1,NULL,NULL,NULL,NULL),
(52,22,39869470,'y','Closed','2023-08-08',2,'2023-08-08',1,NULL,NULL,NULL,NULL),
(53,22,24207787,'y','Closed','2023-08-08',2,'2023-08-08',1,NULL,NULL,NULL,NULL),
(54,24,17798446,'y','Closed','2023-08-09',2,'2023-08-08',0,NULL,NULL,NULL,NULL),
(55,16,59186635,'y','Closed','2023-08-08',5,'2023-08-08',1,NULL,NULL,NULL,NULL),
(56,23,15904422,'y','Closed','2023-08-09',2,'2023-08-09',1,NULL,NULL,NULL,NULL),
(57,23,3168908,'y','Closed','2023-08-09',2,'2023-08-09',1,NULL,NULL,NULL,NULL),
(58,23,61296997,'y','Closed','2023-08-09',2,'2023-08-09',1,NULL,NULL,NULL,NULL),
(59,23,92116431,'y','Closed','2023-08-09',2,'2023-08-09',1,NULL,NULL,NULL,NULL),
(60,25,47020079,'y','Closed','2023-08-09',5,'2023-08-09',1,NULL,NULL,NULL,NULL),
(61,16,63546187,'y','Closed','2023-08-09',5,'2023-08-09',1,NULL,NULL,NULL,NULL),
(62,16,81350822,'y','Closed','2023-08-10',5,'2023-08-10',1,NULL,NULL,NULL,NULL),
(63,16,96979159,'y','Closed','2023-08-10',5,'2023-08-10',1,NULL,NULL,NULL,NULL),
(64,26,94847239,'y','Closed','2023-08-14',5,'2023-08-11',0,NULL,NULL,NULL,NULL),
(65,27,69359455,'y','Closed','2023-08-17',5,'2023-08-17',0,NULL,NULL,NULL,NULL),
(66,28,5345562,'y','1st phase',NULL,5,'2023-08-21',0,NULL,NULL,NULL,NULL),
(67,24,34295290,'y','Closed','2023-08-23',2,'2023-08-22',0,NULL,NULL,NULL,NULL),
(68,29,91849460,'y','Closed','2023-08-28',1,'2023-08-27',1,NULL,NULL,NULL,NULL);

/*Table structure for table `maingroup` */

DROP TABLE IF EXISTS `maingroup`;

CREATE TABLE `maingroup` (
  `id` int NOT NULL AUTO_INCREMENT,
  `name` varchar(500) NOT NULL,
  `threshold` float DEFAULT NULL,
  PRIMARY KEY (`id`)
) ENGINE=InnoDB AUTO_INCREMENT=18 DEFAULT CHARSET=utf8mb4 COLLATE=utf8mb4_0900_ai_ci;

/*Data for the table `maingroup` */

insert  into `maingroup`(`id`,`name`,`threshold`) values 
(8,'GuiZhi',5),
(9,'MaHuang',1),
(10,'ChaiHu',4),
(11,'DaHuang',2),
(12,'HuangQi',4),
(13,'ShiGao',2),
(14,'HuangLian',5),
(15,'GanJiang',4),
(16,'ZhiFuZi',4),
(17,'BanXia',3);

/*Table structure for table `migrations` */

DROP TABLE IF EXISTS `migrations`;

CREATE TABLE `migrations` (
  `id` int unsigned NOT NULL AUTO_INCREMENT,
  `migration` varchar(255) COLLATE utf8mb4_unicode_ci NOT NULL,
  `batch` int NOT NULL,
  PRIMARY KEY (`id`)
) ENGINE=InnoDB AUTO_INCREMENT=20 DEFAULT CHARSET=utf8mb4 COLLATE=utf8mb4_unicode_ci;

/*Data for the table `migrations` */

insert  into `migrations`(`id`,`migration`,`batch`) values 
(14,'2014_10_12_000000_create_users_table',1),
(15,'2014_10_12_100000_create_password_resets_table',1),
(16,'2019_08_19_000000_create_failed_jobs_table',1),
(17,'2019_12_14_000001_create_personal_access_tokens_table',1),
(18,'2023_08_30_052342_create_categories_table',1),
(19,'2023_08_30_052359_add_category_id_in_questions_table',1);

/*Table structure for table `password_resets` */

DROP TABLE IF EXISTS `password_resets`;

CREATE TABLE `password_resets` (
  `email` varchar(255) COLLATE utf8mb4_unicode_ci NOT NULL,
  `token` varchar(255) COLLATE utf8mb4_unicode_ci NOT NULL,
  `created_at` timestamp NULL DEFAULT NULL,
  KEY `password_resets_email_index` (`email`)
) ENGINE=InnoDB DEFAULT CHARSET=utf8mb4 COLLATE=utf8mb4_unicode_ci;

/*Data for the table `password_resets` */

/*Table structure for table `personal_access_tokens` */

DROP TABLE IF EXISTS `personal_access_tokens`;

CREATE TABLE `personal_access_tokens` (
  `id` bigint unsigned NOT NULL AUTO_INCREMENT,
  `tokenable_type` varchar(255) COLLATE utf8mb4_unicode_ci NOT NULL,
  `tokenable_id` bigint unsigned NOT NULL,
  `name` varchar(255) COLLATE utf8mb4_unicode_ci NOT NULL,
  `token` varchar(64) COLLATE utf8mb4_unicode_ci NOT NULL,
  `abilities` text COLLATE utf8mb4_unicode_ci,
  `last_used_at` timestamp NULL DEFAULT NULL,
  `created_at` timestamp NULL DEFAULT NULL,
  `updated_at` timestamp NULL DEFAULT NULL,
  PRIMARY KEY (`id`),
  UNIQUE KEY `personal_access_tokens_token_unique` (`token`),
  KEY `personal_access_tokens_tokenable_type_tokenable_id_index` (`tokenable_type`,`tokenable_id`)
) ENGINE=InnoDB DEFAULT CHARSET=utf8mb4 COLLATE=utf8mb4_unicode_ci;

/*Data for the table `personal_access_tokens` */

/*Table structure for table `questions` */

DROP TABLE IF EXISTS `questions`;

CREATE TABLE `questions` (
  `id` bigint NOT NULL AUTO_INCREMENT,
  `question` text NOT NULL,
  `weight` int DEFAULT NULL,
  `priority` int DEFAULT NULL,
  `questionoption1` varchar(500) DEFAULT NULL,
  `questionoption2` varchar(500) DEFAULT NULL,
  `answer` varchar(100) DEFAULT NULL,
  `explainertext` text,
  `clinicaltext` text,
  `maingroupid` int NOT NULL,
  `subgroupid` int DEFAULT NULL,
  `reservevalue` varchar(50) DEFAULT NULL,
  `category_id` int NOT NULL DEFAULT '1',
  PRIMARY KEY (`id`)
) ENGINE=InnoDB AUTO_INCREMENT=166 DEFAULT CHARSET=utf8mb4 COLLATE=utf8mb4_0900_ai_ci;

/*Data for the table `questions` */

insert  into `questions`(`id`,`question`,`weight`,`priority`,`questionoption1`,`questionoption2`,`answer`,`explainertext`,`clinicaltext`,`maingroupid`,`subgroupid`,`reservevalue`,`category_id`) values 
(21,'Fever or subjective feeling of fever; sweats easily, even to the point of spontaneous sweating; aversion to wind or drafts, dislike of cold climates or cold food or drink',2,1,'True','False','True',NULL,NULL,8,0,'',1),
(22,'Joint Pain',1,0,'True','False','True',NULL,NULL,8,0,'',1),
(23,'A real or imagined sensation of a feeling of upward movement or pulsations in the abdomen AND/OR heart palpitations. ',1,1,'True','False','True',NULL,NULL,8,0,'',1),
(24,'Easily startled',1,0,'True','False','True',NULL,NULL,8,0,'',1),
(25,'Feel flushed?',1,0,'True','False','True',NULL,NULL,8,0,'',1),
(26,'Difficulty sleeping?',1,0,'True','False','True',NULL,NULL,8,0,'',1),
(27,'Do you consider yourself to be more thin than thick?',1,0,'True','False','True',NULL,NULL,8,0,'',1),
(28,'Is your skin moist?',1,0,'True','False','True',NULL,NULL,8,0,'',1),
(29,'Is your abdominal area more flat than bulging?',1,0,'True','False','True',NULL,NULL,8,0,'',1),
(30,'Do you have sweaty hands or feet?',1,0,'True','False','True',NULL,NULL,8,0,'',1),
(31,'Do you have night sweats?',0,0,'True','False','True',NULL,NULL,8,10,'',1),
(32,'Do you have frequent colds?',0,0,'True','False','True',NULL,NULL,8,10,'',1),
(33,'Do you have any abdominal pain?',0,0,'True','False','True',NULL,NULL,8,10,'',1),
(34,'Do you feel you are a light sleeper or have many dreams throughout the night?',0,0,'True','False','True',NULL,NULL,8,10,'',1),
(35,'Do you have muscle spasms?',0,0,'True','False','True',NULL,NULL,8,10,'',1),
(36,'Fever with Chills, headaches, joint pain or body aches.',1,1,'True','False','True',NULL,NULL,9,0,'',1),
(37,'Lack of sweating with fever or exertion, cough and/or wheezing, and nasal congestion?',1,1,'True','False','True',NULL,NULL,9,0,'',1),
(38,'Retention of fluids (edema) with reduced urination',1,1,'True','False','True',NULL,NULL,9,0,'',1),
(39,'Do you feel you have well developed muscles?',0,0,'True','False','True',NULL,NULL,9,11,'',1),
(40,'Do you feel you have a rather loose musculature (present but lacks tone)',0,0,'True','False','True',NULL,NULL,9,11,'',1),
(41,'Is you complexion, relative to your ethnicity, more yellow or has a shallow dark hue?',0,0,'True','False','True',NULL,NULL,9,11,'',1),
(42,'is your face more without luster and slightly puffy?',0,0,'True','False','True',NULL,NULL,9,11,'',1),
(43,'Is your skin course or dry?',0,0,'True','False','True',NULL,NULL,9,11,'',1),
(44,'if known, do you have low or average blood pressure?',0,0,'True','False','True',NULL,NULL,9,11,'Unknown',1),
(45,'Are you lips dark or purplish-red?',0,0,'True','False','True',NULL,NULL,9,11,'',1),
(46,'Do you feel your mouth is moist or normal (not dry)?',0,0,'True','False','True',NULL,NULL,9,11,'',1),
(47,'Do you have wheezing?',0,0,'True','False','True',NULL,NULL,9,11,'',1),
(48,'Do you feel chilled?',0,0,'True','False','True',NULL,NULL,9,11,'',1),
(49,'Do you have runny nose with clear discharge?',0,0,'True','False','True',NULL,NULL,9,11,'',1),
(50,'Do your muscles feel heavy and sore?',0,0,'True','False','True',NULL,NULL,9,11,'',1),
(51,'Does your body feel tired or worn out?',0,0,'True','False','True',NULL,NULL,9,11,'',1),
(52,'Do you feel like you have a slight puffiness to your skin?',0,0,'True','False','True',NULL,NULL,9,11,'',1),
(53,'Do you have a feeling of pressure in your abdomen or bloating?',0,0,'True','False','True',NULL,NULL,9,11,'',1),
(54,'Feeling of discomfort in the chest or fullness of the side of the chest or under the rib cage?',2,1,'True','False','True',NULL,NULL,10,0,'',1),
(55,'Alternating fever and chills?',2,0,'True','False','True',NULL,NULL,10,0,'',1),
(56,'Do your symptoms come and go (episodic)?',2,0,'True','False','True',NULL,NULL,10,0,'',1),
(57,'Do you have symptoms in the shoulders, head, neck, or forehead area?',1,0,'True','False','True',NULL,NULL,10,0,'',1),
(58,'Do you have symptoms in the hips, groin, or lower abdomen?',1,0,'True','False','True',NULL,NULL,10,0,'',1),
(59,'Are you of a medium or slightly thin physique?',0,0,'True','False','True',NULL,NULL,10,12,'',1),
(60,'Does your complexion lack luster or have a yellowish, greenish yellow, or greenish pale complexion?',0,0,'True','False','True',NULL,NULL,10,12,'',1),
(61,'Is your skin dry and muscle tone firm?',0,0,'True','False','True',NULL,NULL,10,12,'',1),
(62,'If you have abdominal pain, is it worse with pressure or touch?',0,0,'True','False','True',NULL,NULL,10,12,'N/A',1),
(63,'Do you feel sensitive to temperature changes?',0,0,'True','False','True',NULL,NULL,10,12,'',1),
(64,'Do you have mood swings?',0,0,'True','False','True',NULL,NULL,10,12,'',1),
(65,'Is your appetite easily affected by your emotions?',0,0,'True','False','True',NULL,NULL,10,12,'',1),
(66,'If you are female, do you have irregular periods?',0,0,'True','False','True',NULL,NULL,10,12,'N/A',1),
(67,'If you are female, do you have premenstrual symptoms such as breast distention, irritability, stuffy sensation in the chest?',0,0,'True','False','True',NULL,NULL,10,12,'N/A',1),
(68,'if you are female, do you have dark menstrual blood or clots in the menstrual blood?',0,0,'True','False','True',NULL,NULL,10,12,'N/A',1),
(69,'if you are female, do you have pain during menstruation?',0,0,'True','False','True',NULL,NULL,10,12,'N/A',1),
(70,'Abdominal fullness with pain with a feeling of a tight/resistant abdominal wall (belly)',1,0,'True','False','True',NULL,NULL,11,0,'',1),
(71,'A feeling of resistance in the abdominal wall (belly) and constipation',1,0,'True','False','True',NULL,NULL,11,0,'',1),
(72,'Restless, irritable or easily excited and a feeling of a fever (or actual fever) and sweating (without an aversion to wind or drafts)',1,0,'True','False','True',NULL,NULL,11,0,'',1),
(73,'You have a robust physique, strong and firm muscles.',1,0,'True','False','True',NULL,NULL,11,13,'',1),
(74,'Your complexion is oily or greasy and may have a reddish tone to it.',1,0,'True','False','True',NULL,NULL,11,13,'',1),
(75,'Dislike of heat and favors cool temperatures',2,0,'True','False','True',NULL,NULL,11,13,'',1),
(76,'Always hungry',1,0,'True','False','True',NULL,NULL,11,13,'',1),
(77,'Sometimes are dizzy or have vertigo',1,0,'True','False','True',NULL,NULL,11,13,'',1),
(78,'Constipated',2,0,'True','False','True',NULL,NULL,11,13,'',1),
(79,'uneven sweating (in some areas, but not all over)',1,0,'True','False','True',NULL,NULL,11,13,'',1),
(80,'light constant sweating',1,0,'True','False','True',NULL,NULL,11,13,'',1),
(81,'dry mouth with thick and sticky saliva or fluids in the mouth.',2,0,'True','False','True',NULL,NULL,11,13,'',1),
(82,'A puffy look to your chest',1,0,'True','False','True',NULL,NULL,11,13,'',1),
(83,'A tender abdominal wall (belly) or dislike of pressure to the area.',2,0,'True','False','True',NULL,NULL,11,13,'',1),
(84,'High cholesterol (hyperlipidemia)',1,0,'True','False','True',NULL,NULL,11,13,'Unknown',1),
(85,'High blood pressure (hypertension)',1,0,'True','False','True',NULL,NULL,11,13,'Unknown',1),
(86,'Spontaneous sweating without fever, insomnia, or frequent headaches',1,0,'True','False','True',NULL,NULL,12,0,'',1),
(87,'Night sweats',1,0,'True','False','True',NULL,NULL,12,0,'',1),
(88,'Aversion to wind',1,0,'True','False','True',NULL,NULL,12,0,'',1),
(89,'Your body feels heavy',1,0,'True','False','True',NULL,NULL,12,0,'',1),
(90,'You have numbness or uncomfortable limbs',1,0,'True','False','True',NULL,NULL,12,0,'',1),
(91,'Edema (fluid retention) with a heavy feeling in the body, along with decreased urination.',1,1,'True','False','True',NULL,NULL,12,0,'',1),
(92,'Long-term non healing skin ulcers with clear watery discharge.',1,1,'True','False','True',NULL,NULL,12,0,'',1),
(93,'your musculature is more soft and relaxed as opposed to tight and toned.',1,0,'True','False','True',NULL,NULL,12,14,'',1),
(94,'Your eyes look tired.',1,0,'True','False','True',NULL,NULL,12,14,'',1),
(95,'Your abdominal wall is soft and without tone.',1,0,'True','False','True',NULL,NULL,12,14,'',1),
(96,'You have allergies',1,0,'True','False','True',NULL,NULL,12,14,'',1),
(97,'you cough often',1,0,'True','False','True',NULL,NULL,12,14,'',1),
(98,'you have wheezing or asthma',1,0,'True','False','True',NULL,NULL,12,14,'',1),
(99,'You have a runny nose',1,0,'True','False','True',NULL,NULL,12,14,'',1),
(100,'Your symptoms are worse with drafts or chills',1,0,'True','False','True',NULL,NULL,12,14,'',1),
(101,'Your stools are watery/unformed or start off dry and then are watery/unformed',2,0,'True','False','True',NULL,NULL,12,14,'',1),
(102,'You have edema or fluid retention in the feet and/or ankles',2,0,'True','False','True',NULL,NULL,12,14,'',1),
(103,'You hands and feet are numb.',1,0,'True','False','True',NULL,NULL,12,14,'',1),
(104,'You are irritable or frustrated and thirsty with a desire to drink liquids',1,0,'True','False','True',NULL,NULL,13,0,'',1),
(105,'You dislike and avoid heat and you sweat a lot',1,0,'True','False','True',NULL,NULL,13,0,'',1),
(106,'Strong thirst',1,0,'True','False','True',NULL,NULL,13,15,'',1),
(107,'High Fever',1,0,'True','False','True',NULL,NULL,13,15,'',1),
(108,'Restlessness',1,0,'True','False','True',NULL,NULL,13,15,'',1),
(109,'Significant/profuse sweating',1,0,'True','False','True',NULL,NULL,13,15,'',1),
(110,'Itchy skin, with red rashes.',1,0,'True','False','True',NULL,NULL,13,15,'',1),
(111,'Irritability and restlessness, and/or heart palpitations (real or felt), insomnia.',1,0,'True','False','True',NULL,NULL,14,0,'',1),
(112,'A feeling of being feverish (real fever or only the sensation of having one)',1,0,'True','False','True',NULL,NULL,14,0,'',1),
(113,'Difficulty to focus or concentrate.',1,0,'True','False','True',NULL,NULL,14,0,'',1),
(114,'Digestive symptoms such as a focused feeling in the upper part of your stomach, stomach aches, abdominal pain, diarrhea, nausea and/or vomiting.',1,0,'True','False','True',NULL,NULL,14,0,'',1),
(115,'Red faced',1,0,'True','False','True',NULL,NULL,14,16,'',1),
(116,'Tendency towards bleeding',1,0,'True','False','True',NULL,NULL,14,16,'',1),
(117,'Tenderness to the upper abdomen (belly) when touched with dull pain.',1,0,'True','False','True',NULL,NULL,14,16,'',1),
(118,'Relatively strong and robust physique',1,0,'True','False','True',NULL,NULL,14,16,'',1),
(119,'Flushed or dark red and oily complexion',1,0,'True','False','True',NULL,NULL,14,16,'',1),
(120,'Bloodshot eyes',1,0,'True','False','True',NULL,NULL,14,16,'',1),
(121,'Sticky discharge or \"crusty\" eyes',1,0,'True','False','True',NULL,NULL,14,16,'',1),
(122,'Favors cold and dislikes heat',1,0,'True','False','True',NULL,NULL,14,16,'',1),
(123,'Generally restless and/or have insomnia and excessive dreaming',1,0,'True','False','True',NULL,NULL,14,16,'',1),
(124,'dry mouth with a bitter taste',2,0,'True','False','True',NULL,NULL,14,16,'',1),
(125,'Clear thin and odorless vomiting',2,0,'True','False','True',NULL,NULL,15,0,'',1),
(126,'Thin or watery stool without smell',2,0,'True','False','True',NULL,NULL,15,0,'',1),
(127,'Excessive saliva in the mouth and no thirst',1,0,'True','False','True',NULL,NULL,15,0,'',1),
(128,'Aversion to cold and a desire for warmth.',1,0,'True','False','True',NULL,NULL,15,0,'',1),
(129,'Trouble being calm (listless) and without motivation',1,0,'True','False','True',NULL,NULL,15,0,'',1),
(130,'Poor appetite',1,0,'True','False','True',NULL,NULL,15,17,'',1),
(131,'Abdominal (belly) distention and a sensation of fullness and/or a fixed sensation above the stomach that feels distended or full.',1,0,'True','False','True',NULL,NULL,15,17,'',1),
(132,'Dry mouth, but no desire to drink.',1,0,'True','False','True',NULL,NULL,15,17,'',1),
(133,'Extremely cold hands and feet',1,0,'True','False','True',NULL,NULL,15,17,'',1),
(134,'Cold sweats',1,0,'True','False','True',NULL,NULL,15,17,'',1),
(135,'Intense stomach pain.',1,0,'True','False','True',NULL,NULL,15,17,'',1),
(136,'Cold feeling from the waist down with a feeling of heaviness, poressure, or achy pain.',1,0,'True','False','True',NULL,NULL,15,17,'',1),
(137,'Fluid retention (edema) all the time or frequently.',1,0,'True','False','True',NULL,NULL,15,17,'',1),
(138,'Entire body feels achy, fatigued, or sluggish',1,0,'True','False','True',NULL,NULL,15,17,'',1),
(139,'Severe joint pain or localized swellings of the joints.',1,0,'True','False','True',NULL,NULL,16,0,'',1),
(140,'Muscle spasms and lack of range of motion',1,0,'True','False','True',NULL,NULL,16,0,'',1),
(141,'Frigid extremities',1,0,'True','False','True',NULL,NULL,16,0,'',1),
(142,'Extreme sweating with cold extremities and chills',1,1,'True','False','True',NULL,NULL,16,0,'',1),
(143,'Vomiting and diarrhea with cold hands and feet and abdominal pain',1,0,'True','False','True',NULL,NULL,16,0,'',1),
(144,'You are chronically ill and debilitated with weakness in the lower half of the body with cold back or knees',1,1,'True','False','True',NULL,NULL,16,0,'',1),
(145,'You have chronic nephritis or cardiac insufficiency with edema',1,1,'True','False','True',NULL,NULL,16,0,'',1),
(146,'You have a desire to lay down, curl up, and sleep',1,0,'True','False','True',NULL,NULL,16,18,'',1),
(147,'You dislike cold and have cold extremities (hands and feet)',1,0,'True','False','True',NULL,NULL,16,18,'',1),
(148,'Dizinees to the point where you are unsteady on your feet',1,0,'True','False','True',NULL,NULL,16,18,'',1),
(149,'Shortness of breath, muscle twitches',1,0,'True','False','True',NULL,NULL,16,18,'',1),
(150,'Edema of the lower limbs or facial edema',1,0,'True','False','True',NULL,NULL,16,18,'',1),
(151,'Cough or wheezing with clear, thin phlegm.',1,0,'True','False','True',NULL,NULL,16,18,'',1),
(152,'Nausea or occasional nausea with severe vomiting',1,1,'True','False','True',NULL,NULL,17,0,'',1),
(153,'Dizziness or headaches',1,0,'True','False','True',NULL,NULL,17,0,'',1),
(154,'Feeling of something caught in your throat or needing to always clear your throat',1,0,'True','False','True',NULL,NULL,17,0,'',1),
(155,'Significant sputum or phlegm',1,0,'True','False','True',NULL,NULL,17,0,'',1),
(156,'irritability with an inability to calm down easy',1,0,'True','False','True',NULL,NULL,17,0,'',1),
(157,'epilepsy',1,0,'True','False','True',NULL,NULL,17,0,'',1),
(158,'No thirst or dislike to drink fluids.',1,0,'True','False','True',NULL,NULL,17,19,'',1),
(159,'Coughing with a lot of thin sputum or watery sounds in the chest.',1,0,'True','False','True',NULL,NULL,17,19,'',1),
(160,'Bitter taste in the mouth with nausea or vomiting',1,0,'True','False','True',NULL,NULL,17,19,'',1),
(161,'Are you emotional, easily startled, panicky, have insomnia, or dream disturbed sleep?',1,0,'True','False','True',NULL,NULL,17,19,'',1),
(162,'Regurgitation or vomiting food eaten long ago (vomiting morning meal in the evening), vomit contains mostly saliva',1,0,'True','False','True',NULL,NULL,17,19,'',1),
(163,'Focal distention or fullness, that is firm to the touch above the stomach with dry stools.',1,0,'True','False','True',NULL,NULL,17,19,'',1),
(164,'Upper abdominal (belly) fullness and stiffness with discomfort. Mild abdominal distention but soft when palpated. ',1,0,'True','False','True',NULL,NULL,17,19,'',1),
(165,'Feeling of heat within the body, restless, with excessive dreaming or insomnia',1,0,'True','False','True',NULL,NULL,17,19,'',1);

/*Table structure for table `results` */

DROP TABLE IF EXISTS `results`;

CREATE TABLE `results` (
  `id` bigint NOT NULL AUTO_INCREMENT,
  `customerid` bigint NOT NULL,
  `questionid` bigint NOT NULL,
  `answer` varchar(100) DEFAULT NULL,
  PRIMARY KEY (`id`)
) ENGINE=InnoDB AUTO_INCREMENT=2759 DEFAULT CHARSET=utf8mb4 COLLATE=utf8mb4_0900_ai_ci;

/*Data for the table `results` */

insert  into `results`(`id`,`customerid`,`questionid`,`answer`) values 
(593,17,21,'True'),
(594,17,22,''),
(595,17,23,''),
(596,17,24,''),
(597,17,25,''),
(598,17,26,''),
(599,17,27,''),
(600,17,28,''),
(601,17,29,''),
(602,17,30,''),
(603,17,36,''),
(604,17,37,''),
(605,17,38,''),
(606,17,54,''),
(607,17,55,''),
(608,17,56,''),
(609,17,57,''),
(610,17,58,''),
(611,17,70,''),
(612,17,71,''),
(613,17,72,''),
(614,17,86,''),
(615,17,87,''),
(616,17,88,''),
(617,17,89,''),
(618,17,90,''),
(619,17,91,''),
(620,17,92,''),
(621,17,104,''),
(622,17,105,''),
(623,17,111,''),
(624,17,112,''),
(625,17,113,''),
(626,17,114,''),
(627,17,125,''),
(628,17,126,''),
(629,17,127,''),
(630,17,128,''),
(631,17,129,''),
(632,17,139,''),
(633,17,140,''),
(634,17,141,''),
(635,17,142,''),
(636,17,143,''),
(637,17,144,''),
(638,17,145,''),
(639,17,152,''),
(640,17,153,''),
(641,17,154,''),
(642,17,155,''),
(643,17,156,''),
(644,17,157,''),
(645,19,21,'True'),
(646,19,22,''),
(647,19,23,''),
(648,19,24,'True'),
(649,19,25,'True'),
(650,19,26,''),
(651,19,27,''),
(652,19,28,''),
(653,19,29,''),
(654,19,30,''),
(655,19,36,''),
(656,19,37,''),
(657,19,38,''),
(658,19,54,''),
(659,19,55,''),
(660,19,56,''),
(661,19,57,''),
(662,19,58,''),
(663,19,70,''),
(664,19,71,''),
(665,19,72,''),
(666,19,86,''),
(667,19,87,''),
(668,19,88,''),
(669,19,89,''),
(670,19,90,''),
(671,19,91,''),
(672,19,92,'True'),
(673,19,104,'True'),
(674,19,105,'True'),
(675,19,111,''),
(676,19,112,''),
(677,19,113,''),
(678,19,114,''),
(679,19,125,''),
(680,19,126,''),
(681,19,127,''),
(682,19,128,''),
(683,19,129,''),
(684,19,139,''),
(685,19,140,''),
(686,19,141,''),
(687,19,142,''),
(688,19,143,''),
(689,19,144,''),
(690,19,145,''),
(691,19,152,''),
(692,19,153,''),
(693,19,154,''),
(694,19,155,'True'),
(695,19,156,''),
(696,19,157,''),
(697,19,106,''),
(698,19,107,''),
(699,19,108,'True'),
(700,19,109,'True'),
(701,19,110,''),
(702,19,106,''),
(703,19,107,''),
(704,19,108,'True'),
(705,19,109,'True'),
(706,19,110,''),
(707,19,106,''),
(708,19,107,''),
(709,19,108,'True'),
(710,19,109,'True'),
(711,19,110,''),
(712,20,21,'True'),
(713,20,22,'True'),
(714,20,23,'True'),
(715,20,24,'True'),
(716,20,25,'True'),
(717,20,26,''),
(718,20,27,''),
(719,20,28,''),
(720,20,29,''),
(721,20,30,''),
(722,20,36,''),
(723,20,37,''),
(724,20,38,''),
(725,20,54,''),
(726,20,55,''),
(727,20,56,''),
(728,20,57,''),
(729,20,58,''),
(730,20,70,''),
(731,20,71,''),
(732,20,72,''),
(733,20,86,''),
(734,20,87,''),
(735,20,88,''),
(736,20,89,''),
(737,20,90,''),
(738,20,91,''),
(739,20,92,''),
(740,20,104,''),
(741,20,105,''),
(742,20,111,''),
(743,20,112,''),
(744,20,113,''),
(745,20,114,''),
(746,20,125,''),
(747,20,126,''),
(748,20,127,''),
(749,20,128,''),
(750,20,129,''),
(751,20,139,''),
(752,20,140,''),
(753,20,141,''),
(754,20,142,''),
(755,20,143,''),
(756,20,144,''),
(757,20,145,''),
(758,20,152,'True'),
(759,20,153,''),
(760,20,154,''),
(761,20,155,''),
(762,20,156,''),
(763,20,157,''),
(764,20,31,'True'),
(765,20,32,'True'),
(766,20,33,''),
(767,20,34,''),
(768,20,35,''),
(769,21,21,'True'),
(770,21,22,'True'),
(771,21,23,'True'),
(772,21,24,'True'),
(773,21,25,'True'),
(774,21,26,''),
(775,21,27,''),
(776,21,28,''),
(777,21,29,''),
(778,21,30,''),
(779,21,36,''),
(780,21,37,''),
(781,21,38,''),
(782,21,54,''),
(783,21,55,''),
(784,21,56,''),
(785,21,57,''),
(786,21,58,''),
(787,21,70,''),
(788,21,71,''),
(789,21,72,''),
(790,21,86,''),
(791,21,87,''),
(792,21,88,''),
(793,21,89,''),
(794,21,90,''),
(795,21,91,''),
(796,21,92,''),
(797,21,104,''),
(798,21,105,''),
(799,21,111,''),
(800,21,112,''),
(801,21,113,''),
(802,21,114,''),
(803,21,125,''),
(804,21,126,''),
(805,21,127,''),
(806,21,128,''),
(807,21,129,''),
(808,21,139,''),
(809,21,140,''),
(810,21,141,''),
(811,21,142,''),
(812,21,143,''),
(813,21,144,''),
(814,21,145,''),
(815,21,152,''),
(816,21,153,''),
(817,21,154,''),
(818,21,155,''),
(819,21,156,'True'),
(820,21,157,'True'),
(821,21,31,'True'),
(822,21,32,'True'),
(823,21,33,''),
(824,21,34,''),
(825,21,35,''),
(826,22,21,'True'),
(827,22,22,''),
(828,22,23,''),
(829,22,24,''),
(830,22,25,''),
(831,22,26,''),
(832,22,27,''),
(833,22,28,''),
(834,22,29,''),
(835,22,30,''),
(836,22,36,''),
(837,22,37,''),
(838,22,38,''),
(839,22,54,''),
(840,22,55,''),
(841,22,56,''),
(842,22,57,''),
(843,22,58,''),
(844,22,70,''),
(845,22,71,''),
(846,22,72,''),
(847,22,86,''),
(848,22,87,''),
(849,22,88,''),
(850,22,89,''),
(851,22,90,''),
(852,22,91,''),
(853,22,92,''),
(854,22,104,''),
(855,22,105,''),
(856,22,111,''),
(857,22,112,''),
(858,22,113,''),
(859,22,114,''),
(860,22,125,''),
(861,22,126,''),
(862,22,127,''),
(863,22,128,''),
(864,22,129,''),
(865,22,139,''),
(866,22,140,''),
(867,22,141,''),
(868,22,142,''),
(869,22,143,''),
(870,22,144,''),
(871,22,145,''),
(872,22,152,''),
(873,22,153,''),
(874,22,154,''),
(875,22,155,''),
(876,22,156,''),
(877,22,157,''),
(878,23,21,'False'),
(879,23,22,'True'),
(880,23,23,'False'),
(881,23,24,'False'),
(882,23,25,'False'),
(883,23,26,'False'),
(884,23,27,'False'),
(885,23,28,'False'),
(886,23,29,'False'),
(887,23,30,'False'),
(888,23,36,''),
(889,23,37,'False'),
(890,23,38,'False'),
(891,23,54,''),
(892,23,55,''),
(893,23,56,'False'),
(894,23,57,'False'),
(895,23,58,'False'),
(896,23,70,'True'),
(897,23,71,'True'),
(898,23,72,'True'),
(899,23,86,'False'),
(900,23,87,'True'),
(901,23,88,'False'),
(902,23,89,'True'),
(903,23,90,'True'),
(904,23,91,'True'),
(905,23,92,''),
(906,23,104,''),
(907,23,105,'False'),
(908,23,111,'False'),
(909,23,112,'False'),
(910,23,113,'False'),
(911,23,114,'True'),
(912,23,125,''),
(913,23,126,''),
(914,23,127,'True'),
(915,23,128,'False'),
(916,23,129,'False'),
(917,23,139,'True'),
(918,23,140,'True'),
(919,23,141,'False'),
(920,23,142,'True'),
(921,23,143,'True'),
(922,23,144,'True'),
(923,23,145,'True'),
(924,23,152,'True'),
(925,23,153,''),
(926,23,154,''),
(927,23,155,'True'),
(928,23,156,'True'),
(929,23,157,'True'),
(930,23,73,'False'),
(931,23,74,'True'),
(932,23,75,'False'),
(933,23,76,'False'),
(934,23,77,'False'),
(935,23,78,'False'),
(936,23,79,'False'),
(937,23,80,''),
(938,23,81,'False'),
(939,23,82,'False'),
(940,23,83,'False'),
(941,23,84,'Unknown'),
(942,23,85,'Unknown'),
(943,23,93,''),
(944,23,94,''),
(945,23,95,'False'),
(946,23,96,'False'),
(947,23,97,'False'),
(948,23,98,'False'),
(949,23,99,'True'),
(950,23,100,'False'),
(951,23,101,'False'),
(952,23,102,'False'),
(953,23,103,'False'),
(954,23,146,'False'),
(955,23,147,'False'),
(956,23,148,'False'),
(957,23,149,'False'),
(958,23,150,'False'),
(959,23,151,'False'),
(960,23,158,'False'),
(961,23,159,'False'),
(962,23,160,'False'),
(963,23,161,'False'),
(964,23,162,'False'),
(965,23,163,'False'),
(966,23,164,'False'),
(967,23,165,'False'),
(968,24,21,'True'),
(969,24,22,'True'),
(970,24,23,'True'),
(971,24,24,'True'),
(972,24,25,'False'),
(973,24,26,'False'),
(974,24,27,'False'),
(975,24,28,'False'),
(976,24,29,''),
(977,24,30,'False'),
(978,24,36,'False'),
(979,24,37,'False'),
(980,24,38,'False'),
(981,24,54,'False'),
(982,24,55,'False'),
(983,24,56,'False'),
(984,24,57,'False'),
(985,24,58,'False'),
(986,24,70,'False'),
(987,24,71,'False'),
(988,24,72,'False'),
(989,24,86,'False'),
(990,24,87,'False'),
(991,24,88,'False'),
(992,24,89,'False'),
(993,24,90,'False'),
(994,24,91,'False'),
(995,24,92,'False'),
(996,24,104,'False'),
(997,24,105,'False'),
(998,24,111,'False'),
(999,24,112,'False'),
(1000,24,113,'False'),
(1001,24,114,'False'),
(1002,24,125,'False'),
(1003,24,126,'False'),
(1004,24,127,'False'),
(1005,24,128,'False'),
(1006,24,129,'False'),
(1007,24,139,'False'),
(1008,24,140,'False'),
(1009,24,141,'False'),
(1010,24,142,'False'),
(1011,24,143,'False'),
(1012,24,144,'False'),
(1013,24,145,'False'),
(1014,24,152,'False'),
(1015,24,153,'False'),
(1016,24,154,'False'),
(1017,24,155,'False'),
(1018,24,156,'False'),
(1019,24,157,'False'),
(1020,24,31,'True'),
(1021,24,32,'True'),
(1022,24,33,'True'),
(1023,24,34,'True'),
(1024,24,35,'True'),
(1025,34,21,'True'),
(1026,34,22,'False'),
(1027,34,23,'False'),
(1028,34,24,'False'),
(1029,34,25,'False'),
(1030,34,26,'False'),
(1031,34,27,'True'),
(1032,34,28,'False'),
(1033,34,29,'True'),
(1034,34,30,'False'),
(1035,34,36,'False'),
(1036,34,37,'False'),
(1037,34,38,'False'),
(1038,34,54,'False'),
(1039,34,55,'False'),
(1040,34,56,'False'),
(1041,34,57,'True'),
(1042,34,58,'False'),
(1043,34,70,'False'),
(1044,34,71,'False'),
(1045,34,72,'False'),
(1046,34,86,'False'),
(1047,34,87,'False'),
(1048,34,88,'True'),
(1049,34,89,'True'),
(1050,34,90,'False'),
(1051,34,91,'False'),
(1052,34,92,'False'),
(1053,34,104,'False'),
(1054,34,105,'False'),
(1055,34,111,'False'),
(1056,34,112,'False'),
(1057,34,113,'False'),
(1058,34,114,'False'),
(1059,34,125,'False'),
(1060,34,126,'False'),
(1061,34,127,'False'),
(1062,34,128,'True'),
(1063,34,129,'False'),
(1064,34,139,'False'),
(1065,34,140,'False'),
(1066,34,141,'False'),
(1067,34,142,'False'),
(1068,34,143,'False'),
(1069,34,144,'False'),
(1070,34,145,'False'),
(1071,34,152,'False'),
(1072,34,153,'False'),
(1073,34,154,'True'),
(1074,34,155,'False'),
(1075,34,156,'False'),
(1076,34,157,'False'),
(1077,37,21,'False'),
(1078,37,22,'False'),
(1079,37,23,'False'),
(1080,37,24,'False'),
(1081,37,25,'False'),
(1082,37,26,'False'),
(1083,37,27,'False'),
(1084,37,28,'False'),
(1085,37,29,'False'),
(1086,37,30,'False'),
(1087,37,36,'False'),
(1088,37,37,'False'),
(1089,37,38,'False'),
(1090,37,54,'False'),
(1091,37,55,'False'),
(1092,37,56,'False'),
(1093,37,57,'False'),
(1094,37,58,'False'),
(1095,37,70,'False'),
(1096,37,71,'False'),
(1097,37,72,'False'),
(1098,37,86,'False'),
(1099,37,87,'False'),
(1100,37,88,'False'),
(1101,37,89,'False'),
(1102,37,90,'False'),
(1103,37,91,'False'),
(1104,37,92,'False'),
(1105,37,104,'False'),
(1106,37,105,'False'),
(1107,37,111,'False'),
(1108,37,112,'False'),
(1109,37,113,'False'),
(1110,37,114,'False'),
(1111,37,125,'False'),
(1112,37,126,'False'),
(1113,37,127,'False'),
(1114,37,128,'False'),
(1115,37,129,'False'),
(1116,37,139,'False'),
(1117,37,140,'False'),
(1118,37,141,'False'),
(1119,37,142,'False'),
(1120,37,143,'False'),
(1121,37,144,'False'),
(1122,37,145,'False'),
(1123,37,152,'False'),
(1124,37,153,'False'),
(1125,37,154,'False'),
(1126,37,155,'False'),
(1127,37,156,'False'),
(1128,37,157,'False'),
(1129,42,21,'False'),
(1130,42,22,'False'),
(1131,42,23,'False'),
(1132,42,24,'False'),
(1133,42,25,'False'),
(1134,42,26,'False'),
(1135,42,27,'False'),
(1136,42,28,'False'),
(1137,42,29,'False'),
(1138,42,30,'False'),
(1139,42,36,'False'),
(1140,42,37,'False'),
(1141,42,38,'False'),
(1142,42,54,'False'),
(1143,42,55,'False'),
(1144,42,56,'False'),
(1145,42,57,'False'),
(1146,42,58,'False'),
(1147,42,70,'False'),
(1148,42,71,'False'),
(1149,42,72,'False'),
(1150,42,86,'False'),
(1151,42,87,'False'),
(1152,42,88,'False'),
(1153,42,89,'False'),
(1154,42,90,'False'),
(1155,42,91,'False'),
(1156,42,92,'False'),
(1157,42,104,'False'),
(1158,42,105,'False'),
(1159,42,111,'False'),
(1160,42,112,'False'),
(1161,42,113,'False'),
(1162,42,114,'False'),
(1163,42,125,'False'),
(1164,42,126,'False'),
(1165,42,127,'False'),
(1166,42,128,'False'),
(1167,42,129,'False'),
(1168,42,139,'False'),
(1169,42,140,'False'),
(1170,42,141,'False'),
(1171,42,142,'False'),
(1172,42,143,'False'),
(1173,42,144,'False'),
(1174,42,145,'False'),
(1175,42,152,'False'),
(1176,42,153,'False'),
(1177,42,154,'False'),
(1178,42,155,'False'),
(1179,42,156,'False'),
(1180,42,157,'False'),
(1181,45,21,'False'),
(1182,45,22,'False'),
(1183,45,23,'False'),
(1184,45,24,'False'),
(1185,45,25,'False'),
(1186,45,26,'False'),
(1187,45,27,'False'),
(1188,45,28,'False'),
(1189,45,29,'False'),
(1190,45,30,'False'),
(1191,45,36,'False'),
(1192,45,37,'False'),
(1193,45,38,'False'),
(1194,45,54,'False'),
(1195,45,55,'False'),
(1196,45,56,'False'),
(1197,45,57,'False'),
(1198,45,58,'False'),
(1199,45,70,'False'),
(1200,45,71,'False'),
(1201,45,72,'False'),
(1202,45,86,'False'),
(1203,45,87,'False'),
(1204,45,88,'False'),
(1205,45,89,'False'),
(1206,45,90,'False'),
(1207,45,91,'False'),
(1208,45,92,'False'),
(1209,45,104,'False'),
(1210,45,105,'False'),
(1211,45,111,'False'),
(1212,45,112,'False'),
(1213,45,113,'False'),
(1214,45,114,'False'),
(1215,45,125,'False'),
(1216,45,126,'False'),
(1217,45,127,'False'),
(1218,45,128,'False'),
(1219,45,129,'False'),
(1220,45,139,'False'),
(1221,45,140,'False'),
(1222,45,141,'False'),
(1223,45,142,'False'),
(1224,45,143,'False'),
(1225,45,144,'False'),
(1226,45,145,'False'),
(1227,45,152,'False'),
(1228,45,153,'False'),
(1229,45,154,'False'),
(1230,45,155,'False'),
(1231,45,156,'False'),
(1232,45,157,'False'),
(1233,46,21,'True'),
(1234,46,22,'True'),
(1235,46,23,'True'),
(1236,46,24,'True'),
(1237,46,25,'True'),
(1238,46,26,'False'),
(1239,46,27,'False'),
(1240,46,28,'False'),
(1241,46,29,'True'),
(1242,46,30,'False'),
(1243,46,36,'False'),
(1244,46,37,'False'),
(1245,46,38,'False'),
(1246,46,54,'False'),
(1247,46,55,'False'),
(1248,46,56,'False'),
(1249,46,57,'False'),
(1250,46,58,'False'),
(1251,46,70,'False'),
(1252,46,71,'False'),
(1253,46,72,'False'),
(1254,46,86,'False'),
(1255,46,87,'False'),
(1256,46,88,'False'),
(1257,46,89,'False'),
(1258,46,90,'False'),
(1259,46,91,'False'),
(1260,46,92,'False'),
(1261,46,104,'False'),
(1262,46,105,'False'),
(1263,46,111,'False'),
(1264,46,112,'False'),
(1265,46,113,'True'),
(1266,46,114,'True'),
(1267,46,125,'True'),
(1268,46,126,'True'),
(1269,46,127,'False'),
(1270,46,128,'False'),
(1271,46,129,'False'),
(1272,46,139,'False'),
(1273,46,140,'False'),
(1274,46,141,'False'),
(1275,46,142,'False'),
(1276,46,143,'True'),
(1277,46,144,'True'),
(1278,46,145,'False'),
(1279,46,152,'False'),
(1280,46,153,'False'),
(1281,46,154,'False'),
(1282,46,155,'False'),
(1283,46,156,'False'),
(1284,46,157,'False'),
(1285,46,31,'False'),
(1286,46,32,'False'),
(1287,46,33,'False'),
(1288,46,34,'False'),
(1289,46,35,'False'),
(1290,46,130,'False'),
(1291,46,131,'False'),
(1292,46,132,'False'),
(1293,46,133,'False'),
(1294,46,134,'False'),
(1295,46,135,'False'),
(1296,46,136,'False'),
(1297,46,137,'False'),
(1298,46,138,'False'),
(1299,47,21,'True'),
(1300,47,22,'True'),
(1301,47,23,'True'),
(1302,47,24,'True'),
(1303,47,25,'True'),
(1304,47,26,'False'),
(1305,47,27,'False'),
(1306,47,28,'False'),
(1307,47,29,'False'),
(1308,47,30,'False'),
(1309,47,36,'False'),
(1310,47,37,'True'),
(1311,47,38,'True'),
(1312,47,54,'True'),
(1313,47,55,''),
(1314,47,56,'False'),
(1315,47,57,'False'),
(1316,47,58,'False'),
(1317,47,70,'False'),
(1318,47,71,'False'),
(1319,47,72,'False'),
(1320,47,86,'False'),
(1321,47,87,'False'),
(1322,47,88,'False'),
(1323,47,89,'False'),
(1324,47,90,'False'),
(1325,47,91,'False'),
(1326,47,92,'False'),
(1327,47,104,'False'),
(1328,47,105,'True'),
(1329,47,111,'True'),
(1330,47,112,'False'),
(1331,47,113,'False'),
(1332,47,114,'False'),
(1333,47,125,'False'),
(1334,47,126,'False'),
(1335,47,127,'False'),
(1336,47,128,'True'),
(1337,47,129,''),
(1338,47,139,'True'),
(1339,47,140,'True'),
(1340,47,141,''),
(1341,47,142,''),
(1342,47,143,''),
(1343,47,144,'True'),
(1344,47,145,'True'),
(1345,47,152,'True'),
(1346,47,153,'False'),
(1347,47,154,'False'),
(1348,47,155,'False'),
(1349,47,156,'False'),
(1350,47,157,'False'),
(1351,47,31,'False'),
(1352,47,32,'True'),
(1353,47,33,'True'),
(1354,47,34,'False'),
(1355,47,35,'False'),
(1356,47,39,'False'),
(1357,47,40,'False'),
(1358,47,41,'False'),
(1359,47,42,'False'),
(1360,47,43,'False'),
(1361,47,44,'Unknown'),
(1362,47,45,'False'),
(1363,47,46,'False'),
(1364,47,47,'False'),
(1365,47,48,'False'),
(1366,47,49,'True'),
(1367,47,50,'False'),
(1368,47,51,'True'),
(1369,47,52,'False'),
(1370,47,53,'False'),
(1371,47,146,'False'),
(1372,47,147,'False'),
(1373,47,148,'False'),
(1374,47,149,'True'),
(1375,47,150,'False'),
(1376,47,151,'False'),
(1377,48,21,'False'),
(1378,48,22,'False'),
(1379,48,23,'False'),
(1380,48,24,'False'),
(1381,48,25,'False'),
(1382,48,26,''),
(1383,48,27,''),
(1384,48,28,''),
(1385,48,29,''),
(1386,48,30,''),
(1387,48,36,''),
(1388,48,37,''),
(1389,48,38,''),
(1390,48,54,''),
(1391,48,55,''),
(1392,48,56,''),
(1393,48,57,''),
(1394,48,58,''),
(1395,48,70,''),
(1396,48,71,''),
(1397,48,72,''),
(1398,48,86,''),
(1399,48,87,''),
(1400,48,88,''),
(1401,48,89,''),
(1402,48,90,''),
(1403,48,91,''),
(1404,48,92,''),
(1405,48,104,''),
(1406,48,105,''),
(1407,48,111,''),
(1408,48,112,''),
(1409,48,113,''),
(1410,48,114,''),
(1411,48,125,''),
(1412,48,126,''),
(1413,48,127,''),
(1414,48,128,''),
(1415,48,129,''),
(1416,48,139,''),
(1417,48,140,''),
(1418,48,141,''),
(1419,48,142,''),
(1420,48,143,''),
(1421,48,144,''),
(1422,48,145,''),
(1423,48,152,''),
(1424,48,153,''),
(1425,48,154,''),
(1426,48,155,''),
(1427,48,156,''),
(1428,48,157,''),
(1429,50,21,'True'),
(1430,50,22,'True'),
(1431,50,23,'True'),
(1432,50,24,'True'),
(1433,50,25,'False'),
(1434,50,26,'False'),
(1435,50,27,'False'),
(1436,50,28,'True'),
(1437,50,29,'False'),
(1438,50,30,'False'),
(1439,50,36,'False'),
(1440,50,37,'False'),
(1441,50,38,'False'),
(1442,50,54,'False'),
(1443,50,55,'False'),
(1444,50,56,'True'),
(1445,50,57,'True'),
(1446,50,58,'False'),
(1447,50,70,'False'),
(1448,50,71,'False'),
(1449,50,72,'False'),
(1450,50,86,'True'),
(1451,50,87,'False'),
(1452,50,88,'False'),
(1453,50,89,'False'),
(1454,50,90,'False'),
(1455,50,91,'False'),
(1456,50,92,'False'),
(1457,50,104,'False'),
(1458,50,105,'False'),
(1459,50,111,'False'),
(1460,50,112,'False'),
(1461,50,113,'False'),
(1462,50,114,'False'),
(1463,50,125,'False'),
(1464,50,126,'True'),
(1465,50,127,'True'),
(1466,50,128,'True'),
(1467,50,129,'False'),
(1468,50,139,'False'),
(1469,50,140,'False'),
(1470,50,141,'False'),
(1471,50,142,'False'),
(1472,50,143,'False'),
(1473,50,144,'False'),
(1474,50,145,'False'),
(1475,50,152,'False'),
(1476,50,153,'False'),
(1477,50,154,'False'),
(1478,50,155,'False'),
(1479,50,156,'False'),
(1480,50,157,'False'),
(1481,51,21,'False'),
(1482,51,22,'False'),
(1483,51,23,'False'),
(1484,51,24,'False'),
(1485,51,25,'False'),
(1486,51,26,''),
(1487,51,27,''),
(1488,51,28,''),
(1489,51,29,''),
(1490,51,30,''),
(1491,51,36,''),
(1492,51,37,''),
(1493,51,38,''),
(1494,51,54,''),
(1495,51,55,''),
(1496,51,56,''),
(1497,51,57,''),
(1498,51,58,''),
(1499,51,70,''),
(1500,51,71,''),
(1501,51,72,''),
(1502,51,86,''),
(1503,51,87,''),
(1504,51,88,''),
(1505,51,89,''),
(1506,51,90,''),
(1507,51,91,''),
(1508,51,92,''),
(1509,51,104,''),
(1510,51,105,''),
(1511,51,111,''),
(1512,51,112,''),
(1513,51,113,''),
(1514,51,114,''),
(1515,51,125,''),
(1516,51,126,''),
(1517,51,127,''),
(1518,51,128,''),
(1519,51,129,''),
(1520,51,139,''),
(1521,51,140,''),
(1522,51,141,''),
(1523,51,142,''),
(1524,51,143,''),
(1525,51,144,''),
(1526,51,145,''),
(1527,51,152,''),
(1528,51,153,''),
(1529,51,154,''),
(1530,51,155,''),
(1531,51,156,''),
(1532,51,157,''),
(1533,50,31,'True'),
(1534,50,32,'True'),
(1535,50,33,'False'),
(1536,50,34,'False'),
(1537,50,35,'False'),
(1538,50,130,'False'),
(1539,50,131,'False'),
(1540,50,132,'False'),
(1541,50,133,'False'),
(1542,50,134,'False'),
(1543,50,135,'False'),
(1544,50,136,'False'),
(1545,50,137,'False'),
(1546,50,138,'False'),
(1547,52,21,'True'),
(1548,52,22,'True'),
(1549,52,23,'True'),
(1550,52,24,'True'),
(1551,52,25,'True'),
(1552,52,26,'False'),
(1553,52,27,'False'),
(1554,52,28,'False'),
(1555,52,29,'False'),
(1556,52,30,'False'),
(1557,52,36,'False'),
(1558,52,37,'False'),
(1559,52,38,'False'),
(1560,52,54,'False'),
(1561,52,55,'False'),
(1562,52,56,'False'),
(1563,52,57,'False'),
(1564,52,58,'False'),
(1565,52,70,'False'),
(1566,52,71,'False'),
(1567,52,72,'False'),
(1568,52,86,'False'),
(1569,52,87,'False'),
(1570,52,88,'False'),
(1571,52,89,'False'),
(1572,52,90,'False'),
(1573,52,91,'False'),
(1574,52,92,'False'),
(1575,52,104,'False'),
(1576,52,105,'False'),
(1577,52,111,'False'),
(1578,52,112,'False'),
(1579,52,113,'False'),
(1580,52,114,'False'),
(1581,52,125,'False'),
(1582,52,126,'False'),
(1583,52,127,'False'),
(1584,52,128,''),
(1585,52,129,'False'),
(1586,52,139,'False'),
(1587,52,140,'False'),
(1588,52,141,'False'),
(1589,52,142,'False'),
(1590,52,143,'False'),
(1591,52,144,'False'),
(1592,52,145,'False'),
(1593,52,152,'False'),
(1594,52,153,'False'),
(1595,52,154,'False'),
(1596,52,155,'False'),
(1597,52,156,'False'),
(1598,52,157,'False'),
(1599,52,31,'False'),
(1600,52,32,'True'),
(1601,52,33,'False'),
(1602,52,34,'True'),
(1603,52,35,'False'),
(1604,53,21,'True'),
(1605,53,22,'True'),
(1606,53,23,'True'),
(1607,53,24,'True'),
(1608,53,25,'True'),
(1609,53,26,'False'),
(1610,53,27,'False'),
(1611,53,28,'False'),
(1612,53,29,'False'),
(1613,53,30,'False'),
(1614,53,36,'False'),
(1615,53,37,'False'),
(1616,53,38,'False'),
(1617,53,54,'False'),
(1618,53,55,'False'),
(1619,53,56,'False'),
(1620,53,57,'False'),
(1621,53,58,'False'),
(1622,53,70,'False'),
(1623,53,71,'False'),
(1624,53,72,'False'),
(1625,53,86,'False'),
(1626,53,87,'False'),
(1627,53,88,'False'),
(1628,53,89,'False'),
(1629,53,90,'False'),
(1630,53,91,'False'),
(1631,53,92,'False'),
(1632,53,104,'False'),
(1633,53,105,'False'),
(1634,53,111,'False'),
(1635,53,112,'False'),
(1636,53,113,'False'),
(1637,53,114,'False'),
(1638,53,125,'False'),
(1639,53,126,'False'),
(1640,53,127,'False'),
(1641,53,128,'False'),
(1642,53,129,'False'),
(1643,53,139,'False'),
(1644,53,140,'False'),
(1645,53,141,'False'),
(1646,53,142,'False'),
(1647,53,143,'False'),
(1648,53,144,'False'),
(1649,53,145,'False'),
(1650,53,152,'False'),
(1651,53,153,'False'),
(1652,53,154,'False'),
(1653,53,155,'False'),
(1654,53,156,'False'),
(1655,53,157,'False'),
(1656,53,31,'True'),
(1657,53,32,'True'),
(1658,53,33,'False'),
(1659,53,34,'True'),
(1660,53,35,'False'),
(1661,38,21,'False'),
(1662,38,22,'False'),
(1663,38,23,'False'),
(1664,38,24,'False'),
(1665,38,25,'False'),
(1666,38,26,'False'),
(1667,38,27,'False'),
(1668,38,28,'False'),
(1669,38,29,'False'),
(1670,38,30,'False'),
(1671,38,36,'False'),
(1672,38,37,'False'),
(1673,38,38,'False'),
(1674,38,54,'False'),
(1675,38,55,'False'),
(1676,38,56,'False'),
(1677,38,57,'False'),
(1678,38,58,'False'),
(1679,38,70,'False'),
(1680,38,71,'False'),
(1681,38,72,'False'),
(1682,38,86,'False'),
(1683,38,87,'False'),
(1684,38,88,'False'),
(1685,38,89,'False'),
(1686,38,90,'False'),
(1687,38,91,'False'),
(1688,38,92,'False'),
(1689,38,104,'False'),
(1690,38,105,'False'),
(1691,38,111,'False'),
(1692,38,112,'False'),
(1693,38,113,'False'),
(1694,38,114,'False'),
(1695,38,125,'False'),
(1696,38,126,'False'),
(1697,38,127,'False'),
(1698,38,128,'False'),
(1699,38,129,'False'),
(1700,38,139,'False'),
(1701,38,140,'False'),
(1702,38,141,'False'),
(1703,38,142,'False'),
(1704,38,143,'False'),
(1705,38,144,'False'),
(1706,38,145,'False'),
(1707,38,152,'False'),
(1708,38,153,'False'),
(1709,38,154,'False'),
(1710,38,155,'False'),
(1711,38,156,'False'),
(1712,38,157,'False'),
(1713,38,21,'False'),
(1714,38,22,'False'),
(1715,38,23,'False'),
(1716,38,24,'False'),
(1717,38,25,'False'),
(1718,38,26,'False'),
(1719,38,27,'False'),
(1720,38,28,'False'),
(1721,38,29,'False'),
(1722,38,30,'False'),
(1723,38,36,'False'),
(1724,38,37,'False'),
(1725,38,38,'False'),
(1726,38,54,'False'),
(1727,38,55,'False'),
(1728,38,56,'False'),
(1729,38,57,'False'),
(1730,38,58,'False'),
(1731,38,70,'False'),
(1732,38,71,'False'),
(1733,38,72,'False'),
(1734,38,86,'False'),
(1735,38,87,'False'),
(1736,38,88,'False'),
(1737,38,89,'False'),
(1738,38,90,''),
(1739,38,91,'False'),
(1740,38,92,'False'),
(1741,38,104,'False'),
(1742,38,105,'False'),
(1743,38,111,'False'),
(1744,38,112,'False'),
(1745,38,113,'False'),
(1746,38,114,'False'),
(1747,38,125,'False'),
(1748,38,126,'False'),
(1749,38,127,'False'),
(1750,38,128,''),
(1751,38,129,'False'),
(1752,38,139,'False'),
(1753,38,140,'False'),
(1754,38,141,'False'),
(1755,38,142,'False'),
(1756,38,143,'False'),
(1757,38,144,'False'),
(1758,38,145,'False'),
(1759,38,152,'False'),
(1760,38,153,'False'),
(1761,38,154,'False'),
(1762,38,155,'False'),
(1763,38,156,'False'),
(1764,38,157,'False'),
(1765,55,21,'True'),
(1766,55,22,'False'),
(1767,55,23,'False'),
(1768,55,24,'False'),
(1769,55,25,'False'),
(1770,55,26,'False'),
(1771,55,27,'True'),
(1772,55,28,'False'),
(1773,55,29,'True'),
(1774,55,30,'False'),
(1775,55,36,'False'),
(1776,55,37,'False'),
(1777,55,38,'True'),
(1778,55,54,'True'),
(1779,55,55,'False'),
(1780,55,56,'False'),
(1781,55,57,'True'),
(1782,55,58,'False'),
(1783,55,70,'False'),
(1784,55,71,'False'),
(1785,55,72,'False'),
(1786,55,86,'False'),
(1787,55,87,'True'),
(1788,55,88,'True'),
(1789,55,89,'False'),
(1790,55,90,'False'),
(1791,55,91,'False'),
(1792,55,92,'False'),
(1793,55,104,'False'),
(1794,55,105,'False'),
(1795,55,111,'False'),
(1796,55,112,'False'),
(1797,55,113,'False'),
(1798,55,114,'False'),
(1799,55,125,'False'),
(1800,55,126,'True'),
(1801,55,127,'False'),
(1802,55,128,'True'),
(1803,55,129,'False'),
(1804,55,139,'True'),
(1805,55,140,'False'),
(1806,55,141,'False'),
(1807,55,142,'True'),
(1808,55,143,'False'),
(1809,55,144,'False'),
(1810,55,145,'False'),
(1811,55,152,'False'),
(1812,55,153,'False'),
(1813,55,154,'False'),
(1814,55,155,'False'),
(1815,55,156,'False'),
(1816,55,157,'False'),
(1817,55,39,'False'),
(1818,55,40,'False'),
(1819,55,41,'False'),
(1820,55,42,'True'),
(1821,55,43,'False'),
(1822,55,44,'True'),
(1823,55,45,'False'),
(1824,55,46,'True'),
(1825,55,47,'True'),
(1826,55,48,'True'),
(1827,55,49,'False'),
(1828,55,50,'False'),
(1829,55,51,'False'),
(1830,55,52,'True'),
(1831,55,53,'True'),
(1832,54,21,'True'),
(1833,54,22,'True'),
(1834,54,23,'False'),
(1835,54,24,'True'),
(1836,54,25,'False'),
(1837,54,26,'True'),
(1838,54,27,'False'),
(1839,54,28,'True'),
(1840,54,29,'False'),
(1841,54,30,'False'),
(1842,54,36,'False'),
(1843,54,37,'False'),
(1844,54,38,'False'),
(1845,54,54,'True'),
(1846,54,55,'False'),
(1847,54,56,'True'),
(1848,54,57,'True'),
(1849,54,58,'True'),
(1850,54,70,'True'),
(1851,54,71,'False'),
(1852,54,72,'True'),
(1853,54,86,'True'),
(1854,54,87,'False'),
(1855,54,88,'False'),
(1856,54,89,'True'),
(1857,54,90,'True'),
(1858,54,91,'False'),
(1859,54,92,'False'),
(1860,54,104,'False'),
(1861,54,105,'True'),
(1862,54,111,'False'),
(1863,54,112,'True'),
(1864,54,113,'True'),
(1865,54,114,'False'),
(1866,54,125,'False'),
(1867,54,126,'False'),
(1868,54,127,'False'),
(1869,54,128,'False'),
(1870,54,129,'True'),
(1871,54,139,'False'),
(1872,54,140,'False'),
(1873,54,141,'False'),
(1874,54,142,'False'),
(1875,54,143,'False'),
(1876,54,144,'False'),
(1877,54,145,'False'),
(1878,54,152,'False'),
(1879,54,153,'True'),
(1880,54,154,'False'),
(1881,54,155,'False'),
(1882,54,156,'True'),
(1883,54,157,'False'),
(1884,54,31,'False'),
(1885,54,32,'False'),
(1886,54,33,'False'),
(1887,54,34,'True'),
(1888,54,35,'False'),
(1889,54,59,'False'),
(1890,54,60,'False'),
(1891,54,61,'True'),
(1892,54,62,'N/A'),
(1893,54,63,'True'),
(1894,54,64,'True'),
(1895,54,65,'True'),
(1896,54,66,'N/A'),
(1897,54,67,'N/A'),
(1898,54,68,'N/A'),
(1899,54,69,'N/A'),
(1900,54,73,'True'),
(1901,54,74,'False'),
(1902,54,75,'True'),
(1903,54,76,'False'),
(1904,54,77,'True'),
(1905,54,78,'False'),
(1906,54,79,'True'),
(1907,54,80,'True'),
(1908,54,81,'False'),
(1909,54,82,'True'),
(1910,54,83,'False'),
(1911,54,84,'Unknown'),
(1912,54,85,'Unknown'),
(1913,56,21,'True'),
(1914,56,22,'True'),
(1915,56,23,'True'),
(1916,56,24,'True'),
(1917,56,25,'True'),
(1918,56,26,''),
(1919,56,27,'True'),
(1920,56,28,'True'),
(1921,56,29,''),
(1922,56,30,''),
(1923,56,36,''),
(1924,56,37,''),
(1925,56,38,''),
(1926,56,54,''),
(1927,56,55,''),
(1928,56,56,''),
(1929,56,57,''),
(1930,56,58,''),
(1931,56,70,''),
(1932,56,71,''),
(1933,56,72,''),
(1934,56,86,''),
(1935,56,87,''),
(1936,56,88,''),
(1937,56,89,''),
(1938,56,90,''),
(1939,56,91,''),
(1940,56,92,''),
(1941,56,104,''),
(1942,56,105,''),
(1943,56,111,''),
(1944,56,112,''),
(1945,56,113,''),
(1946,56,114,''),
(1947,56,125,''),
(1948,56,126,''),
(1949,56,127,''),
(1950,56,128,''),
(1951,56,129,''),
(1952,56,139,''),
(1953,56,140,''),
(1954,56,141,''),
(1955,56,142,''),
(1956,56,143,''),
(1957,56,144,''),
(1958,56,145,''),
(1959,56,152,''),
(1960,56,153,''),
(1961,56,154,''),
(1962,56,155,''),
(1963,56,156,''),
(1964,56,157,''),
(1965,56,31,'True'),
(1966,56,32,'True'),
(1967,56,33,'True'),
(1968,56,34,'True'),
(1969,56,35,''),
(1970,57,21,'False'),
(1971,57,22,'False'),
(1972,57,23,'False'),
(1973,57,24,'False'),
(1974,57,25,'False'),
(1975,57,26,''),
(1976,57,27,''),
(1977,57,28,''),
(1978,57,29,''),
(1979,57,30,''),
(1980,57,36,''),
(1981,57,37,''),
(1982,57,38,''),
(1983,57,54,''),
(1984,57,55,''),
(1985,57,56,''),
(1986,57,57,''),
(1987,57,58,''),
(1988,57,70,''),
(1989,57,71,''),
(1990,57,72,''),
(1991,57,86,''),
(1992,57,87,''),
(1993,57,88,''),
(1994,57,89,''),
(1995,57,90,''),
(1996,57,91,''),
(1997,57,92,''),
(1998,57,104,''),
(1999,57,105,''),
(2000,57,111,''),
(2001,57,112,''),
(2002,57,113,''),
(2003,57,114,''),
(2004,57,125,''),
(2005,57,126,''),
(2006,57,127,''),
(2007,57,128,''),
(2008,57,129,''),
(2009,57,139,''),
(2010,57,140,''),
(2011,57,141,''),
(2012,57,142,''),
(2013,57,143,''),
(2014,57,144,''),
(2015,57,145,''),
(2016,57,152,''),
(2017,57,153,''),
(2018,57,154,''),
(2019,57,155,''),
(2020,57,156,''),
(2021,57,157,''),
(2022,58,21,'True'),
(2023,58,22,'True'),
(2024,58,23,'True'),
(2025,58,24,'True'),
(2026,58,25,''),
(2027,58,26,''),
(2028,58,27,''),
(2029,58,28,''),
(2030,58,29,''),
(2031,58,30,''),
(2032,58,36,''),
(2033,58,37,''),
(2034,58,38,''),
(2035,58,54,''),
(2036,58,55,''),
(2037,58,56,''),
(2038,58,57,''),
(2039,58,58,''),
(2040,58,70,''),
(2041,58,71,''),
(2042,58,72,''),
(2043,58,86,''),
(2044,58,87,''),
(2045,58,88,''),
(2046,58,89,''),
(2047,58,90,''),
(2048,58,91,''),
(2049,58,92,''),
(2050,58,104,''),
(2051,58,105,''),
(2052,58,111,''),
(2053,58,112,''),
(2054,58,113,''),
(2055,58,114,''),
(2056,58,125,''),
(2057,58,126,''),
(2058,58,127,''),
(2059,58,128,''),
(2060,58,129,''),
(2061,58,139,''),
(2062,58,140,''),
(2063,58,141,''),
(2064,58,142,''),
(2065,58,143,''),
(2066,58,144,''),
(2067,58,145,''),
(2068,58,152,''),
(2069,58,153,''),
(2070,58,154,''),
(2071,58,155,''),
(2072,58,156,''),
(2073,58,157,''),
(2074,58,31,'False'),
(2075,58,32,'False'),
(2076,58,33,'False'),
(2077,58,34,'False'),
(2078,58,35,''),
(2079,59,21,''),
(2080,59,22,''),
(2081,59,23,''),
(2082,59,24,''),
(2083,59,25,''),
(2084,59,26,''),
(2085,59,27,''),
(2086,59,28,''),
(2087,59,29,''),
(2088,59,30,''),
(2089,59,36,''),
(2090,59,37,''),
(2091,59,38,''),
(2092,59,54,''),
(2093,59,55,''),
(2094,59,56,''),
(2095,59,57,'True'),
(2096,59,58,'True'),
(2097,59,70,'True'),
(2098,59,71,'True'),
(2099,59,72,'True'),
(2100,59,86,''),
(2101,59,87,''),
(2102,59,88,''),
(2103,59,89,''),
(2104,59,90,''),
(2105,59,91,''),
(2106,59,92,''),
(2107,59,104,''),
(2108,59,105,''),
(2109,59,111,''),
(2110,59,112,''),
(2111,59,113,''),
(2112,59,114,''),
(2113,59,125,''),
(2114,59,126,''),
(2115,59,127,''),
(2116,59,128,''),
(2117,59,129,''),
(2118,59,139,''),
(2119,59,140,''),
(2120,59,141,''),
(2121,59,142,''),
(2122,59,143,''),
(2123,59,144,''),
(2124,59,145,''),
(2125,59,152,''),
(2126,59,153,''),
(2127,59,154,''),
(2128,59,155,''),
(2129,59,156,''),
(2130,59,157,''),
(2131,59,73,'False'),
(2132,59,74,'False'),
(2133,59,75,'True'),
(2134,59,76,'True'),
(2135,59,77,'True'),
(2136,59,78,'True'),
(2137,59,79,''),
(2138,59,80,''),
(2139,59,81,''),
(2140,59,82,''),
(2141,59,83,''),
(2142,59,84,''),
(2143,59,85,''),
(2144,60,21,'True'),
(2145,60,22,'True'),
(2146,60,23,'True'),
(2147,60,24,'True'),
(2148,60,25,'True'),
(2149,60,26,''),
(2150,60,27,''),
(2151,60,28,''),
(2152,60,29,''),
(2153,60,30,''),
(2154,60,36,''),
(2155,60,37,''),
(2156,60,38,''),
(2157,60,54,''),
(2158,60,55,''),
(2159,60,56,''),
(2160,60,57,''),
(2161,60,58,''),
(2162,60,70,''),
(2163,60,71,''),
(2164,60,72,''),
(2165,60,86,''),
(2166,60,87,''),
(2167,60,88,''),
(2168,60,89,''),
(2169,60,90,''),
(2170,60,91,''),
(2171,60,92,''),
(2172,60,104,''),
(2173,60,105,''),
(2174,60,111,''),
(2175,60,112,''),
(2176,60,113,''),
(2177,60,114,''),
(2178,60,125,''),
(2179,60,126,''),
(2180,60,127,''),
(2181,60,128,''),
(2182,60,129,''),
(2183,60,139,''),
(2184,60,140,''),
(2185,60,141,''),
(2186,60,142,''),
(2187,60,143,''),
(2188,60,144,''),
(2189,60,145,''),
(2190,60,152,''),
(2191,60,153,''),
(2192,60,154,''),
(2193,60,155,''),
(2194,60,156,''),
(2195,60,157,''),
(2196,60,31,'False'),
(2197,60,32,'False'),
(2198,60,33,'True'),
(2199,60,34,''),
(2200,60,35,''),
(2201,61,21,'True'),
(2202,61,22,'False'),
(2203,61,23,'True'),
(2204,61,24,'False'),
(2205,61,25,'False'),
(2206,61,26,'True'),
(2207,61,27,'False'),
(2208,61,28,'False'),
(2209,61,29,'False'),
(2210,61,30,'False'),
(2211,61,36,'True'),
(2212,61,37,'False'),
(2213,61,38,'True'),
(2214,61,54,'False'),
(2215,61,55,'False'),
(2216,61,56,'False'),
(2217,61,57,'False'),
(2218,61,58,'True'),
(2219,61,70,'True'),
(2220,61,71,'False'),
(2221,61,72,'False'),
(2222,61,86,'False'),
(2223,61,87,'False'),
(2224,61,88,'False'),
(2225,61,89,'False'),
(2226,61,90,'False'),
(2227,61,91,'False'),
(2228,61,92,'True'),
(2229,61,104,'False'),
(2230,61,105,'False'),
(2231,61,111,'False'),
(2232,61,112,'True'),
(2233,61,113,'True'),
(2234,61,114,'False'),
(2235,61,125,'False'),
(2236,61,126,'True'),
(2237,61,127,'False'),
(2238,61,128,'False'),
(2239,61,129,'True'),
(2240,61,139,'True'),
(2241,61,140,'False'),
(2242,61,141,'False'),
(2243,61,142,'False'),
(2244,61,143,'False'),
(2245,61,144,'False'),
(2246,61,145,'False'),
(2247,61,152,'False'),
(2248,61,153,'False'),
(2249,61,154,'False'),
(2250,61,155,'False'),
(2251,61,156,'False'),
(2252,61,157,'False'),
(2253,61,39,'True'),
(2254,61,40,'False'),
(2255,61,41,'False'),
(2256,61,42,'False'),
(2257,61,43,'False'),
(2258,61,44,'True'),
(2259,61,45,'False'),
(2260,61,46,'True'),
(2261,61,47,'False'),
(2262,61,48,'False'),
(2263,61,49,'False'),
(2264,61,50,'False'),
(2265,61,51,'False'),
(2266,61,52,'False'),
(2267,61,53,'True'),
(2268,62,21,'True'),
(2269,62,22,'False'),
(2270,62,23,'False'),
(2271,62,24,'False'),
(2272,62,25,'False'),
(2273,62,26,'False'),
(2274,62,27,'True'),
(2275,62,28,'False'),
(2276,62,29,'True'),
(2277,62,30,'False'),
(2278,62,36,'False'),
(2279,62,37,'False'),
(2280,62,38,'False'),
(2281,62,54,'True'),
(2282,62,55,'False'),
(2283,62,56,'False'),
(2284,62,57,'True'),
(2285,62,58,'False'),
(2286,62,70,'False'),
(2287,62,71,'False'),
(2288,62,72,'False'),
(2289,62,86,'False'),
(2290,62,87,'False'),
(2291,62,88,'True'),
(2292,62,89,'False'),
(2293,62,90,'False'),
(2294,62,91,'False'),
(2295,62,92,'False'),
(2296,62,104,'False'),
(2297,62,105,'False'),
(2298,62,111,'False'),
(2299,62,112,'False'),
(2300,62,113,'False'),
(2301,62,114,'False'),
(2302,62,125,'False'),
(2303,62,126,'True'),
(2304,62,127,'False'),
(2305,62,128,'True'),
(2306,62,129,'False'),
(2307,62,139,'False'),
(2308,62,140,'False'),
(2309,62,141,'False'),
(2310,62,142,'False'),
(2311,62,143,'False'),
(2312,62,144,'False'),
(2313,62,145,'False'),
(2314,62,152,'False'),
(2315,62,153,'False'),
(2316,62,154,'True'),
(2317,62,155,'False'),
(2318,62,156,'False'),
(2319,62,157,'False'),
(2320,63,21,'True'),
(2321,63,22,'True'),
(2322,63,23,'True'),
(2323,63,24,'True'),
(2324,63,25,'True'),
(2325,63,26,'False'),
(2326,63,27,'True'),
(2327,63,28,'False'),
(2328,63,29,'False'),
(2329,63,30,'False'),
(2330,63,36,'False'),
(2331,63,37,'False'),
(2332,63,38,'False'),
(2333,63,54,'True'),
(2334,63,55,'False'),
(2335,63,56,'False'),
(2336,63,57,'True'),
(2337,63,58,'False'),
(2338,63,70,'False'),
(2339,63,71,'False'),
(2340,63,72,'False'),
(2341,63,86,'False'),
(2342,63,87,'False'),
(2343,63,88,'True'),
(2344,63,89,'False'),
(2345,63,90,'False'),
(2346,63,91,'False'),
(2347,63,92,'False'),
(2348,63,104,'False'),
(2349,63,105,'False'),
(2350,63,111,'False'),
(2351,63,112,'False'),
(2352,63,113,'False'),
(2353,63,114,'False'),
(2354,63,125,'False'),
(2355,63,126,'True'),
(2356,63,127,'True'),
(2357,63,128,'True'),
(2358,63,129,'False'),
(2359,63,139,'False'),
(2360,63,140,'True'),
(2361,63,141,'True'),
(2362,63,142,'True'),
(2363,63,143,'False'),
(2364,63,144,'False'),
(2365,63,145,'False'),
(2366,63,152,''),
(2367,63,153,'False'),
(2368,63,154,'True'),
(2369,63,155,'False'),
(2370,63,156,'False'),
(2371,63,157,'False'),
(2372,63,31,'False'),
(2373,63,32,'False'),
(2374,63,33,'False'),
(2375,63,34,'False'),
(2376,63,35,'False'),
(2377,63,130,'True'),
(2378,63,131,'False'),
(2379,63,132,'False'),
(2380,63,133,'True'),
(2381,63,134,'False'),
(2382,63,135,'False'),
(2383,63,136,'False'),
(2384,63,137,'False'),
(2385,63,138,'True'),
(2386,35,21,'False'),
(2387,35,22,'False'),
(2388,35,23,'False'),
(2389,35,24,'False'),
(2390,35,25,'False'),
(2391,35,26,'True'),
(2392,35,27,'False'),
(2393,35,28,'False'),
(2394,35,29,'False'),
(2395,35,30,'False'),
(2396,35,36,'False'),
(2397,35,37,'False'),
(2398,35,38,'False'),
(2399,35,54,'False'),
(2400,35,55,'False'),
(2401,35,56,'False'),
(2402,35,57,'True'),
(2403,35,58,'True'),
(2404,35,70,'False'),
(2405,35,71,'True'),
(2406,35,72,'False'),
(2407,35,86,'True'),
(2408,35,87,'False'),
(2409,35,88,'False'),
(2410,35,89,'True'),
(2411,35,90,'False'),
(2412,35,91,'False'),
(2413,35,92,'False'),
(2414,35,104,'False'),
(2415,35,105,'False'),
(2416,35,111,'False'),
(2417,35,112,'False'),
(2418,35,113,'True'),
(2419,35,114,'False'),
(2420,35,125,'False'),
(2421,35,126,'False'),
(2422,35,127,'False'),
(2423,35,128,'False'),
(2424,35,129,'True'),
(2425,35,139,'False'),
(2426,35,140,'False'),
(2427,35,141,'False'),
(2428,35,142,'False'),
(2429,35,143,'False'),
(2430,35,144,'False'),
(2431,35,145,'False'),
(2432,35,152,'False'),
(2433,35,153,'True'),
(2434,35,154,'False'),
(2435,35,155,'False'),
(2436,35,156,'False'),
(2437,35,157,'False'),
(2438,64,21,'False'),
(2439,64,22,'True'),
(2440,64,23,'False'),
(2441,64,24,'False'),
(2442,64,25,'False'),
(2443,64,26,'True'),
(2444,64,27,'False'),
(2445,64,28,'True'),
(2446,64,29,'False'),
(2447,64,30,'False'),
(2448,64,36,'False'),
(2449,64,37,'False'),
(2450,64,38,'False'),
(2451,64,54,'False'),
(2452,64,55,'False'),
(2453,64,56,'True'),
(2454,64,57,'False'),
(2455,64,58,'False'),
(2456,64,70,'False'),
(2457,64,71,'False'),
(2458,64,72,'False'),
(2459,64,86,'False'),
(2460,64,87,'False'),
(2461,64,88,'False'),
(2462,64,89,'False'),
(2463,64,90,'True'),
(2464,64,91,'False'),
(2465,64,92,'False'),
(2466,64,104,'False'),
(2467,64,105,'False'),
(2468,64,111,'False'),
(2469,64,112,'False'),
(2470,64,113,'True'),
(2471,64,114,'False'),
(2472,64,125,'False'),
(2473,64,126,'False'),
(2474,64,127,'False'),
(2475,64,128,'True'),
(2476,64,129,'False'),
(2477,64,139,'False'),
(2478,64,140,'False'),
(2479,64,141,'False'),
(2480,64,142,'False'),
(2481,64,143,'False'),
(2482,64,144,'False'),
(2483,64,145,'False'),
(2484,64,152,'False'),
(2485,64,153,'False'),
(2486,64,154,'False'),
(2487,64,155,'False'),
(2488,64,156,'False'),
(2489,64,157,'False'),
(2490,65,21,'True'),
(2491,65,22,'True'),
(2492,65,23,'False'),
(2493,65,24,'True'),
(2494,65,25,''),
(2495,65,26,'True'),
(2496,65,27,'False'),
(2497,65,28,''),
(2498,65,29,'False'),
(2499,65,30,'False'),
(2500,65,36,'True'),
(2501,65,37,'False'),
(2502,65,38,'False'),
(2503,65,54,''),
(2504,65,55,'False'),
(2505,65,56,'True'),
(2506,65,57,'True'),
(2507,65,58,'True'),
(2508,65,70,'True'),
(2509,65,71,''),
(2510,65,72,''),
(2511,65,86,''),
(2512,65,87,'True'),
(2513,65,88,'True'),
(2514,65,89,'True'),
(2515,65,90,''),
(2516,65,91,''),
(2517,65,92,'False'),
(2518,65,104,'True'),
(2519,65,105,'True'),
(2520,65,111,'True'),
(2521,65,112,'True'),
(2522,65,113,'True'),
(2523,65,114,'False'),
(2524,65,125,'False'),
(2525,65,126,'False'),
(2526,65,127,'False'),
(2527,65,128,''),
(2528,65,129,'True'),
(2529,65,139,'False'),
(2530,65,140,'False'),
(2531,65,141,'False'),
(2532,65,142,'False'),
(2533,65,143,'False'),
(2534,65,144,''),
(2535,65,145,'False'),
(2536,65,152,'False'),
(2537,65,153,'True'),
(2538,65,154,'False'),
(2539,65,155,'False'),
(2540,65,156,'True'),
(2541,65,157,'False'),
(2542,65,31,'True'),
(2543,65,32,'True'),
(2544,65,33,'True'),
(2545,65,34,'True'),
(2546,65,35,'False'),
(2547,65,39,'False'),
(2548,65,40,'True'),
(2549,65,41,'False'),
(2550,65,42,'True'),
(2551,65,43,'True'),
(2552,65,44,'True'),
(2553,65,45,'False'),
(2554,65,46,'True'),
(2555,65,47,'False'),
(2556,65,48,'False'),
(2557,65,49,'False'),
(2558,65,50,'True'),
(2559,65,51,'True'),
(2560,65,52,'True'),
(2561,65,53,'True'),
(2562,65,59,''),
(2563,65,60,''),
(2564,65,61,'False'),
(2565,65,62,''),
(2566,65,63,'True'),
(2567,65,64,'True'),
(2568,65,65,'True'),
(2569,65,66,'N/A'),
(2570,65,67,'True'),
(2571,65,68,''),
(2572,65,69,'True'),
(2573,65,106,'True'),
(2574,65,107,''),
(2575,65,108,'True'),
(2576,65,109,''),
(2577,65,110,''),
(2578,66,21,'True'),
(2579,66,22,'True'),
(2580,66,23,'True'),
(2581,66,24,'False'),
(2582,66,25,'False'),
(2583,66,26,'True'),
(2584,66,27,'False'),
(2585,66,28,'False'),
(2586,66,29,'False'),
(2587,66,30,'True'),
(2588,66,36,'False'),
(2589,66,37,'False'),
(2590,66,38,'False'),
(2591,66,54,'True'),
(2592,66,55,'False'),
(2593,66,56,'True'),
(2594,66,57,'True'),
(2595,66,58,'True'),
(2596,66,70,'True'),
(2597,66,71,'True'),
(2598,66,72,'False'),
(2599,66,86,'False'),
(2600,66,87,'True'),
(2601,66,88,'False'),
(2602,66,89,'True'),
(2603,66,90,'False'),
(2604,66,91,'False'),
(2605,66,92,'False'),
(2606,66,104,'False'),
(2607,66,105,'False'),
(2608,66,111,'True'),
(2609,66,112,'True'),
(2610,66,113,'True'),
(2611,66,114,'True'),
(2612,66,125,'False'),
(2613,66,126,'False'),
(2614,66,127,'False'),
(2615,66,128,'True'),
(2616,66,129,'True'),
(2617,66,139,'False'),
(2618,66,140,'True'),
(2619,66,141,'False'),
(2620,66,142,'False'),
(2621,66,143,'False'),
(2622,66,144,'False'),
(2623,66,145,'False'),
(2624,66,152,'True'),
(2625,66,153,'False'),
(2626,66,154,'True'),
(2627,66,155,'True'),
(2628,66,156,'False'),
(2629,66,157,'False'),
(2630,67,21,'True'),
(2631,67,22,'True'),
(2632,67,23,'False'),
(2633,67,24,'True'),
(2634,67,25,'True'),
(2635,67,26,'True'),
(2636,67,27,'False'),
(2637,67,28,'True'),
(2638,67,29,'False'),
(2639,67,30,'False'),
(2640,67,36,'True'),
(2641,67,37,'False'),
(2642,67,38,'False'),
(2643,67,54,'False'),
(2644,67,55,'False'),
(2645,67,56,'True'),
(2646,67,57,'True'),
(2647,67,58,'False'),
(2648,67,70,'False'),
(2649,67,71,'False'),
(2650,67,72,'False'),
(2651,67,86,'True'),
(2652,67,87,'False'),
(2653,67,88,'False'),
(2654,67,89,'True'),
(2655,67,90,'True'),
(2656,67,91,'False'),
(2657,67,92,'False'),
(2658,67,104,'False'),
(2659,67,105,'True'),
(2660,67,111,'False'),
(2661,67,112,'False'),
(2662,67,113,'True'),
(2663,67,114,'False'),
(2664,67,125,'False'),
(2665,67,126,'False'),
(2666,67,127,'False'),
(2667,67,128,'False'),
(2668,67,129,'True'),
(2669,67,139,'False'),
(2670,67,140,'False'),
(2671,67,141,'False'),
(2672,67,142,'False'),
(2673,67,143,'False'),
(2674,67,144,'False'),
(2675,67,145,'False'),
(2676,67,152,'False'),
(2677,67,153,'True'),
(2678,67,154,'False'),
(2679,67,155,'False'),
(2680,67,156,'False'),
(2681,67,157,'False'),
(2682,67,31,'False'),
(2683,67,32,'False'),
(2684,67,33,'False'),
(2685,67,34,'True'),
(2686,67,35,'False'),
(2687,67,39,'True'),
(2688,67,40,'True'),
(2689,67,41,'False'),
(2690,67,42,'True'),
(2691,67,43,'True'),
(2692,67,44,'Unknown'),
(2693,67,45,'False'),
(2694,67,46,'False'),
(2695,67,47,'False'),
(2696,67,48,'False'),
(2697,67,49,'False'),
(2698,67,50,'True'),
(2699,67,51,'True'),
(2700,67,52,'False'),
(2701,67,53,'False'),
(2702,68,21,'True'),
(2703,68,22,'True'),
(2704,68,23,'True'),
(2705,68,24,'True'),
(2706,68,25,''),
(2707,68,26,''),
(2708,68,27,''),
(2709,68,28,''),
(2710,68,29,''),
(2711,68,30,''),
(2712,68,36,''),
(2713,68,37,''),
(2714,68,38,''),
(2715,68,54,''),
(2716,68,55,''),
(2717,68,56,''),
(2718,68,57,''),
(2719,68,58,''),
(2720,68,70,''),
(2721,68,71,''),
(2722,68,72,''),
(2723,68,86,''),
(2724,68,87,''),
(2725,68,88,''),
(2726,68,89,''),
(2727,68,90,''),
(2728,68,91,''),
(2729,68,92,''),
(2730,68,104,''),
(2731,68,105,''),
(2732,68,111,''),
(2733,68,112,''),
(2734,68,113,''),
(2735,68,114,''),
(2736,68,125,''),
(2737,68,126,''),
(2738,68,127,''),
(2739,68,128,''),
(2740,68,129,''),
(2741,68,139,''),
(2742,68,140,''),
(2743,68,141,''),
(2744,68,142,''),
(2745,68,143,''),
(2746,68,144,''),
(2747,68,145,''),
(2748,68,152,'False'),
(2749,68,153,'True'),
(2750,68,154,'True'),
(2751,68,155,''),
(2752,68,156,'False'),
(2753,68,157,''),
(2754,68,31,'True'),
(2755,68,32,'True'),
(2756,68,33,''),
(2757,68,34,'False'),
(2758,68,35,'');

/*Table structure for table `subgroup` */

DROP TABLE IF EXISTS `subgroup`;

CREATE TABLE `subgroup` (
  `id` int NOT NULL AUTO_INCREMENT,
  `name` varchar(500) NOT NULL,
  `maingroupid` int NOT NULL,
  PRIMARY KEY (`id`)
) ENGINE=InnoDB AUTO_INCREMENT=20 DEFAULT CHARSET=utf8mb4 COLLATE=utf8mb4_0900_ai_ci;

/*Data for the table `subgroup` */

insert  into `subgroup`(`id`,`name`,`maingroupid`) values 
(1,'g',1),
(2,'h',3),
(3,'tp',4),
(4,'',4),
(5,'',4),
(6,'sub2',4),
(7,'sub1',5),
(8,'sub1',6),
(9,'sub2',7),
(10,'GuiZhiTiZhi',8),
(11,'MaHuangTiZhi',9),
(12,'ChaiHuTiZhi',10),
(13,'DaHuangTiZhi',11),
(14,'HuangQiTiZhi',12),
(15,'ShiGaoInfo',13),
(16,'HuangLianTiZhi',14),
(17,'GanJiangInfo',15),
(18,'ZhiFuZiZheng',16),
(19,'BanXiaInfo',17);

/*Table structure for table `users` */

DROP TABLE IF EXISTS `users`;

CREATE TABLE `users` (
  `id` bigint unsigned NOT NULL AUTO_INCREMENT,
  `name` varchar(255) COLLATE utf8mb4_unicode_ci NOT NULL,
  `email` varchar(255) COLLATE utf8mb4_unicode_ci NOT NULL,
  `email_verified_at` timestamp NULL DEFAULT NULL,
  `password` varchar(255) COLLATE utf8mb4_unicode_ci NOT NULL,
  `remember_token` varchar(100) COLLATE utf8mb4_unicode_ci DEFAULT NULL,
  `created_at` timestamp NULL DEFAULT NULL,
  `updated_at` timestamp NULL DEFAULT NULL,
  PRIMARY KEY (`id`),
  UNIQUE KEY `users_email_unique` (`email`)
) ENGINE=InnoDB DEFAULT CHARSET=utf8mb4 COLLATE=utf8mb4_unicode_ci;

/*Data for the table `users` */

/*!40101 SET SQL_MODE=@OLD_SQL_MODE */;
/*!40014 SET FOREIGN_KEY_CHECKS=@OLD_FOREIGN_KEY_CHECKS */;
/*!40014 SET UNIQUE_CHECKS=@OLD_UNIQUE_CHECKS */;
/*!40111 SET SQL_NOTES=@OLD_SQL_NOTES */;
